siteid,spid,x,y,occ,group,sabio1,sabio2,sabio4,sabio5,sabio6,sabio7,sabio8,sabio12,sabio15,sabio17,sabio18
100012,tgb,-79.8,-0.616,0,plant,242,94,636,303,185,118,248,2253,83,75,1143
100142,tgb,-75.316,10.55,0,plant,274,86,423,322,218,104,274,1065,79,10,283
100145,tgb,-75.25,-3.75,0,plant,258,100,518,314,193,121,257,2414,17,419,597
100148,tgb,-75.216,-10.2,0,plant,257,132,525,328,171,157,260,2601,42,238,773
100159,tgb,-75.016,-8.75,0,plant,259,117,451,330,186,144,262,2999,33,345,878
100163,tgb,-74.95,-10.2,0,plant,257,124,411,327,177,150,258,2839,40,284,637
100176,tgb,-74.75,6,0,plant,267,97,358,321,215,106,263,3442,35,487,997
100197,tgb,-73.9,-8.3,0,plant,254,104,606,319,183,136,254,1923,36,189,530
100205,tgb,-73.583,-4.483,0,plant,264,99,390,323,206,117,265,2811,20,446,660
100206,tgb,-73.583,-3.916,0,plant,264,99,420,322,206,116,262,3016,15,543,709
100216,tgb,-73.416,-3.8,0,plant,265,99,424,322,207,115,263,3080,14,566,728
100231,tgb,-72.966,-3.5,0,plant,264,98,432,319,204,115,262,3138,16,559,713
100144,tgb,-75.25,-10.966,0,plant,240,120,614,309,158,151,241,1994,41,187,399
100269,tgb,-71,-11.75,0,plant,239,103,501,304,170,134,239,3377,35,372,735
100279,tgb,-70.483,-3.95,0,plant,259,93,359,311,202,109,260,3168,22,509,682
100295,tgb,-69.283,-12.25,0,plant,253,112,1062,326,168,158,260,2652,47,203,746
100301,tgb,-69.066,-12.583,0,plant,256,114,1046,330,173,157,263,2515,50,180,704
100308,tgb,-68.8,-10.85,0,plant,251,105,983,322,166,156,257,1926,53,81,437
100329,tgb,-67.833,-15.45,0,plant,223,108,1279,290,137,153,232,1724,50,129,599
100330,tgb,-67.783,-16.116,0,plant,211,126,1302,289,114,175,221,1269,57,70,463
100350,tgb,-67.25,-16.816,0,plant,169,150,1586,260,51,209,181,1088,65,46,401
100351,tgb,-67.25,-13.083,0,plant,259,118,1080,336,172,164,266,1781,56,128,469
100352,tgb,-67.25,0.033,0,plant,264,88,409,316,214,102,260,3198,17,554,632
100147,tgb,-75.233,8.033,0,plant,278,100,395,343,224,119,275,2627,62,122,277
100379,tgb,-66.066,-11,0,plant,266,113,747,343,180,163,268,1914,58,68,377
100380,tgb,-66.033,-11.75,0,plant,265,117,824,346,180,166,268,1721,61,73,338
100383,tgb,-65.966,-10.966,0,plant,266,113,708,342,182,160,267,1900,59,64,373
100398,tgb,-65.266,-15.816,0,plant,254,102,1781,322,155,167,268,3607,47,322,1175
100406,tgb,-64.85,-7.3,0,plant,264,102,331,329,196,133,263,2602,46,154,525
100421,tgb,-64.366,4.05,0,plant,230,105,273,292,171,121,227,2906,42,347,531
100470,tgb,-63.183,-17.083,0,plant,246,105,2178,320,152,168,265,1464,48,151,519
100477,tgb,-63.066,-17.783,0,plant,244,110,2191,323,153,170,264,1297,47,144,493
100483,tgb,-62.917,-0.417,0,plant,269,99,308,324,214,110,265,2358,36,325,325
100497,tgb,-61.846,-16.52,0,plant,235,138,1753,324,126,198,248,1250,53,85,364
100149,tgb,-75.216,-10.166,0,plant,256,133,517,327,170,157,259,2583,41,238,772
100500,tgb,-61.833,3.583,0,plant,265,112,470,330,203,127,259,2001,58,221,301
100513,tgb,-61.466,2.016,0,plant,272,101,590,333,210,123,263,1785,68,148,186
100514,tgb,-61.433,3.4,0,plant,269,109,523,333,208,125,263,1706,71,130,219
100531,tgb,-61.146,-14.389,0,plant,240,141,1149,330,132,198,247,2197,69,47,443
100534,tgb,-61.128,-15.01,0,plant,244,145,1426,338,129,209,253,1747,66,50,345
100546,tgb,-61.016,-13.533,0,plant,236,136,758,322,136,186,239,2655,70,47,550
100561,tgb,-60.867,2.417,0,plant,273,100,650,334,212,122,264,1670,77,100,143
100569,tgb,-60.796,-14.554,0,plant,238,143,1204,328,126,202,244,2057,67,52,407
100604,tgb,-58.05,-7.333,0,plant,264,110,410,347,174,173,262,2733,55,104,514
100607,tgb,-57.867,-21.7,0,plant,256,111,2933,344,150,194,283,1441,38,140,458
100150,tgb,-75.183,9.866,0,plant,249,106,467,318,179,139,247,1480,54,95,332
100614,tgb,-57.64,-19,0,plant,259,109,2279,335,168,167,279,1246,53,84,455
100641,tgb,-55.867,-16.233,0,plant,265,120,1543,357,158,199,275,1589,62,34,333
100645,tgb,-55.75,-20.45,0,plant,243,122,2271,323,138,185,264,1668,48,123,613
100662,tgb,-54.833,-14.833,0,plant,230,128,1315,309,130,179,241,1998,64,34,791
100674,tgb,-54.25,-28.283,0,plant,207,112,3626,312,98,214,170,1977,10,415,428
100686,tgb,-53.75,-27.166,0,plant,207,126,3415,314,93,221,213,1925,9,403,451
100707,tgb,-52.75,-27.1,0,plant,195,112,3089,293,96,197,205,2205,8,479,515
100712,tgb,-52.517,-23.7,0,plant,210,121,2709,298,105,193,237,1554,25,243,455
100719,tgb,-52.383,-25.383,0,plant,176,123,3067,270,65,205,208,1972,20,375,523
100721,tgb,-52.333,-31.75,0,plant,187,101,3887,292,80,212,156,1473,16,264,357
100152,tgb,-75.166,-7.083,0,plant,267,130,589,344,185,159,266,1919,27,251,498
100733,tgb,-52,-12,0,plant,260,133,881,345,159,186,265,1965,67,13,657
100736,tgb,-51.917,-2.65,0,plant,266,94,467,326,213,113,262,2385,55,137,171
100737,tgb,-51.916,3.716,0,plant,255,92,463,325,198,127,254,3586,50,206,206
100753,tgb,-51.6,-1.417,0,plant,268,95,489,330,217,113,265,2671,41,261,272
100770,tgb,-51.116,-7.783,0,plant,251,133,309,340,162,178,251,2160,56,55,508
100784,tgb,-50.783,-3.366,0,plant,265,97,407,327,208,119,262,2503,63,119,171
100786,tgb,-50.75,-29.467,0,plant,195,98,3207,289,101,188,174,2046,8,436,487
100789,tgb,-50.733,-2.666,0,plant,267,102,360,329,210,119,264,2790,59,173,209
100797,tgb,-50.5,-29.383,0,plant,156,92,3082,242,65,177,133,2155,8,463,518
100799,tgb,-50.5,-0.25,0,plant,269,79,554,324,227,97,264,3605,53,193,193
100153,tgb,-75.133,6.033,0,plant,229,98,361,284,175,109,225,3338,31,473,926
100808,tgb,-50.15,-25.083,0,plant,179,116,2821,270,76,194,210,1643,24,269,474
100809,tgb,-50.116,-15.9,0,plant,243,100,976,313,166,147,246,2026,74,16,194
100828,tgb,-49.733,-24.25,0,plant,180,128,3131,269,36,233,211,1506,35,201,464
100836,tgb,-49.583,-27.167,0,plant,194,101,3208,289,98,191,229,1688,20,285,472
100844,tgb,-49.417,-25.417,0,plant,170,107,2909,256,68,188,201,1596,28,259,489
100853,tgb,-49.3,-16.717,0,plant,232,114,1457,304,132,172,238,1615,67,24,199
100858,tgb,-49.167,-5.383,0,plant,270,97,342,332,214,118,266,2224,68,64,83
100873,tgb,-48.65,-26.833,0,plant,206,90,2938,288,111,177,239,1824,29,257,598
100901,tgb,-47.917,-1.267,0,plant,265,93,334,323,215,108,261,2740,53,200,200
100910,tgb,-47.783,-1.667,0,plant,266,101,254,327,210,117,263,2593,50,219,260
100154,tgb,-75.083,-10.533,0,plant,232,121,470,301,153,148,233,2744,42,264,570
100926,tgb,-47.45,-14.15,0,plant,204,89,757,270,138,132,204,1923,71,16,231
100927,tgb,-47.45,-1.617,0,plant,264,101,316,328,207,121,260,2558,53,174,196
100932,tgb,-47.4,-15.55,0,plant,221,110,1059,293,133,160,225,1715,71,15,181
100935,tgb,-47.3,-1.2,0,plant,262,97,420,327,208,119,257,2732,61,105,138
100959,tgb,-46.483,-23.65,0,plant,180,88,2293,250,96,154,204,2083,45,184,737
100972,tgb,-46.15,-1.16,0,plant,264,85,534,321,211,110,257,2576,72,28,28
100984,tgb,-45.867,-23.117,0,plant,195,105,2335,267,93,174,219,1594,60,99,622
101011,tgb,-44.666,-5.116,0,plant,269,105,842,341,197,144,264,1614,77,46,64
101022,tgb,-44.267,-2.567,0,plant,271,77,418,320,228,92,268,2000,73,30,49
101023,tgb,-44.25,-19.483,0,plant,218,125,1703,294,108,186,230,1561,77,25,555
100156,tgb,-75.083,-10.416,0,plant,223,123,452,291,143,148,224,2853,42,275,604
101041,tgb,-43.566,-18.266,0,plant,198,106,1872,284,110,174,211,1625,75,26,553
101047,tgb,-43.466,-22.966,0,plant,215,86,2060,286,139,147,240,1497,36,157,483
101059,tgb,-43.233,-22.967,0,plant,232,77,2068,299,161,138,257,1375,32,158,432
101068,tgb,-43.15,-11.083,0,plant,257,133,746,332,168,164,261,753,77,1,320
101072,tgb,-42.983,-22.45,0,plant,185,99,2285,264,94,170,209,1922,54,132,684
101089,tgb,-42.5,-21.416,0,plant,231,124,2271,322,124,198,248,1478,66,55,518
101090,tgb,-42.45,-14.316,0,plant,222,108,1280,293,139,154,230,918,80,6,390
101092,tgb,-42.383,-22.65,0,plant,232,85,2000,302,155,147,246,1273,44,108,405
101148,tgb,-40.45,-20.55,0,plant,248,77,1791,315,183,132,260,1173,39,154,266
101153,tgb,-40.35,-17.817,0,plant,243,99,1527,312,168,144,253,1100,42,130,289
100162,tgb,-75,-4.666,0,plant,265,100,382,324,206,118,264,2283,20,359,563
101160,tgb,-40.1,-13.85,0,plant,232,73,1356,286,173,113,241,841,30,120,226
101163,tgb,-40,-7.33,0,plant,225,102,1074,296,155,141,224,895,80,23,108
101164,tgb,-39.96,-13.95,0,plant,215,70,1290,268,160,108,224,1012,24,163,257
101170,tgb,-39.7,-12.716,0,plant,232,75,1461,290,174,116,243,674,39,77,209
101172,tgb,-39.6,-16.6,0,plant,248,89,1466,310,179,131,257,1303,21,216,332
101174,tgb,-39.5,-7.45,0,plant,223,102,1119,293,150,143,222,1041,76,32,134
101181,tgb,-39.35,-16,0,plant,237,76,1265,290,174,116,242,1322,18,260,286
101189,tgb,-39.1,-15.4,0,plant,241,71,1119,291,182,109,248,1661,10,326,401
101195,tgb,-39,-14.2,0,plant,248,61,925,294,200,94,249,2413,17,433,557
100014,tgb,-79.7,-1.266,0,plant,252,93,708,308,193,115,257,2222,91,21,1161
100013,tgb,-79.733,0.35,0,plant,227,70,619,275,185,90,233,2225,64,136,952
100165,tgb,-74.883,-9.566,0,plant,257,120,377,326,182,144,259,2141,37,230,592
100039,tgb,-77.416,-1.566,0,plant,229,94,410,284,175,109,227,5254,15,1029,1274
100040,tgb,-77.416,4.166,0,plant,254,61,312,294,220,74,251,8828,27,1242,1759
100088,tgb,-76.25,4.416,0,plant,168,96,206,221,117,104,166,1589,30,271,289
100118,tgb,-75.833,-3.25,0,plant,254,97,484,309,193,116,253,2399,10,495,516
100161,tgb,-75,-8.666,0,plant,260,117,472,332,187,145,264,2871,32,335,701
100164,tgb,-74.933,-9.616,0,plant,260,122,395,329,183,146,262,2175,37,232,595
100200,tgb,-73.75,-4.833,0,plant,269,102,397,330,208,122,270,2819,18,454,684
100210,tgb,-73.5,-3.833,0,plant,265,99,425,323,207,116,263,3063,14,561,723
100229,tgb,-73.016,-3.233,0,plant,262,99,429,317,201,116,261,3249,15,596,730
100236,tgb,-72.833,-3.466,0,plant,263,97,439,317,203,114,262,3124,17,546,698
100166,tgb,-74.866,3.25,0,plant,188,94,281,243,133,110,186,1593,41,215,361
100244,tgb,-72.683,2.333,0,plant,277,94,1063,348,215,133,270,2477,53,191,191
100253,tgb,-72.166,-0.566,0,plant,270,86,680,330,214,116,263,3018,30,438,512
100307,tgb,-68.917,-3.567,0,plant,255,92,313,309,203,106,256,2940,22,435,578
100309,tgb,-68.75,-12.666,0,plant,257,114,1095,331,174,157,264,2219,51,151,624
100344,tgb,-67.4,-8.75,0,plant,257,114,590,322,180,142,261,2283,51,113,483
100369,tgb,-66.333,-14.65,0,plant,252,109,1586,325,157,168,262,1980,51,157,492
100377,tgb,-66.083,-11,0,plant,267,113,766,343,180,163,269,1918,58,69,378
100388,tgb,-65.9,-2.64,0,plant,259,95,348,313,204,109,257,3197,21,508,586
100395,tgb,-65.333,-10.85,0,plant,266,108,716,345,187,158,263,1822,59,51,358
100399,tgb,-65.25,-10.733,0,plant,264,107,718,342,186,156,261,1840,58,52,366
100167,tgb,-74.866,7.5,0,plant,282,103,426,342,224,118,278,4157,44,351,574
100488,tgb,-62.75,-14.75,0,plant,252,125,1407,333,153,180,262,1475,64,64,463
100509,tgb,-61.5,3.466,0,plant,261,109,514,324,199,125,254,1754,69,143,227
100511,tgb,-61.467,-3.7,0,plant,269,85,430,324,223,101,264,2563,33,306,360
100605,tgb,-57.95,-2.5,0,plant,273,83,513,331,227,104,268,2346,45,227,227
100631,tgb,-56.417,-22.067,0,plant,240,117,2732,326,130,196,264,1503,31,175,421
100633,tgb,-56.416,-19.95,0,plant,250,111,2369,330,151,179,272,1558,53,108,594
100637,tgb,-56.083,-15.533,0,plant,256,113,1389,331,154,177,267,1513,57,50,568
100650,tgb,-55.583,-1.917,0,plant,270,94,599,335,217,118,265,2232,54,145,145
100651,tgb,-55.517,-23.267,0,plant,218,122,2782,306,104,202,234,1687,29,207,499
100667,tgb,-54.583,-20.4,0,plant,228,111,1534,299,140,159,239,1691,49,116,495
100168,tgb,-74.833,-3.3,0,plant,256,102,460,315,193,122,256,2984,8,629,704
100670,tgb,-54.5,-0.916,0,plant,262,91,772,327,214,113,255,1821,49,135,196
100728,tgb,-52.233,-1.75,0,plant,270,93,531,331,221,110,267,2507,50,191,208
100732,tgb,-52,-13.5,0,plant,250,133,1017,333,147,186,255,1840,69,12,401
100757,tgb,-51.483,-29.65,0,plant,204,97,3400,302,110,192,237,1655,9,343,405
100764,tgb,-51.217,-23.3,0,plant,209,122,2555,293,103,190,234,1614,37,181,547
100765,tgb,-51.183,-29.75,0,plant,204,98,3420,301,108,193,170,1700,8,366,403
100771,tgb,-51.1,-13.083,0,plant,269,119,827,345,181,164,273,1901,70,16,405
100802,tgb,-50.333,-27.8,0,plant,167,106,3186,265,67,198,147,1667,13,324,419
100832,tgb,-49.617,-27.25,0,plant,181,101,3211,276,85,191,216,1704,20,289,476
100850,tgb,-49.35,-28.417,0,plant,195,109,3057,290,92,198,230,1618,24,262,490
100170,tgb,-74.8,-8.5,0,plant,261,114,525,331,188,143,263,2183,31,254,622
100866,tgb,-48.767,-15.917,0,plant,217,95,790,279,145,134,219,1763,68,24,214
100905,tgb,-47.883,-24.783,0,plant,221,91,2914,304,127,177,254,2107,39,247,764
100923,tgb,-47.5,-14.767,0,plant,216,92,848,283,146,137,217,1826,71,16,214
100987,tgb,-45.7,-1.383,0,plant,266,77,580,318,214,104,261,2561,72,37,37
101003,tgb,-44.983,-21.25,0,plant,202,123,2050,281,96,185,221,1714,69,50,629
101012,tgb,-44.633,-22.466,0,plant,189,121,2255,269,76,193,211,1869,65,79,747
101019,tgb,-44.4,-19.283,0,plant,219,129,1720,296,107,189,231,1493,76,24,531
101064,tgb,-43.2,-22.983,0,plant,232,76,2070,298,162,136,257,1342,31,157,419
101109,tgb,-41.8,-22.35,0,plant,232,85,1949,300,153,147,244,1266,40,119,359
101147,tgb,-40.467,-3.467,0,plant,271,118,799,348,201,147,262,1195,99,6,32
100171,tgb,-74.8,4.416,0,plant,261,105,381,324,204,120,256,1566,42,193,431
101173,tgb,-39.533,-7.266,0,plant,222,103,1070,294,152,142,220,1147,78,28,140
101203,tgb,-38.583,-3.75,0,plant,261,69,550,301,214,87,259,1452,83,35,149
101214,tgb,-35.7,-6.967,0,plant,223,90,1271,288,162,126,218,941,56,56,230
100151,tgb,-75.166,-8.666,0,plant,255,119,436,328,183,145,258,3537,32,415,834
100196,tgb,-73.916,-8.033,0,plant,254,104,611,319,183,136,254,2082,35,209,568
100208,tgb,-73.5,-4.166,0,plant,263,97,425,321,206,115,262,2892,18,484,672
100227,tgb,-73.033,-3.5,0,plant,264,99,432,319,204,115,262,3154,15,569,722
100228,tgb,-73.016,-3.5,0,plant,265,99,432,320,205,115,263,3150,15,566,719
100232,tgb,-72.916,-3.333,0,plant,263,98,421,318,202,116,262,3183,16,569,711
100252,tgb,-72.166,-0.6,0,plant,268,86,670,328,213,115,262,3019,30,442,515
100174,tgb,-74.75,-11,0,plant,244,116,539,315,166,149,243,2186,40,227,456
100289,tgb,-69.333,-12.833,0,plant,255,111,1004,325,178,147,262,3280,47,281,890
100292,tgb,-69.3,-12.816,0,plant,256,111,1031,327,177,150,262,3173,47,266,864
100294,tgb,-69.283,-12.816,0,plant,256,112,1016,326,177,149,262,3128,48,260,853
100298,tgb,-69.166,-12.583,0,plant,256,114,1039,328,174,154,262,2677,49,200,745
100445,tgb,-63.6,-17.583,0,plant,243,105,2188,316,149,167,263,1567,46,166,585
100556,tgb,-60.93,-14.557,0,plant,241,143,1213,331,129,202,248,2067,68,50,412
100579,tgb,-60.55,1.2,0,plant,273,97,560,332,214,118,264,1965,65,161,238
100599,tgb,-59.35,-10.2,0,plant,236,124,560,326,135,191,236,2230,65,37,227
100611,tgb,-57.683,-16.067,0,plant,265,126,1859,349,156,193,274,1531,64,55,290
100613,tgb,-57.65,-19.016,0,plant,256,109,2264,332,165,167,275,1246,53,84,455
100175,tgb,-74.75,-8.833,0,plant,255,113,463,324,184,140,259,2233,34,245,680
100669,tgb,-54.517,-25.55,0,plant,215,130,3573,321,91,230,233,1880,17,331,477
100766,tgb,-51.167,-30.05,0,plant,195,95,3579,294,99,195,159,1553,9,324,353
100852,tgb,-49.333,-0.416,0,plant,273,73,612,323,231,92,267,3318,63,78,78
100924,tgb,-47.5,-3,0,plant,265,107,201,327,204,123,263,2095,71,99,157
101070,tgb,-43.1,-22.5,0,plant,150,92,2201,225,65,160,173,2080,50,161,730
101083,tgb,-42.666,-22.75,0,plant,228,84,2092,298,149,149,250,1315,42,121,426
101102,tgb,-42.05,-22.85,0,plant,230,66,1753,287,170,117,240,976,29,121,247
101105,tgb,-42.016,-20.716,0,plant,207,129,2074,296,98,198,223,1456,63,64,485
100072,tgb,-76.65,-7.95,0,plant,250,153,507,335,155,180,252,2578,25,350,723
100303,tgb,-69.05,-12.483,0,plant,256,114,1076,329,171,158,263,2440,49,172,687
100177,tgb,-74.75,6.083,0,plant,261,96,361,315,208,107,257,3404,37,462,986
100319,tgb,-68.2,-13.866,0,plant,229,103,1228,297,153,144,236,2095,49,184,550
100332,tgb,-67.75,-16.216,0,plant,224,130,1322,304,124,180,234,1204,58,61,441
100354,tgb,-67.185,-10,0,plant,261,106,704,327,182,145,265,2594,49,163,356
100545,tgb,-61.016,-13.55,0,plant,236,136,778,322,135,187,239,2661,70,47,550
100595,tgb,-59.71,-2.71,0,plant,273,84,479,329,226,103,269,2264,31,252,371
100626,tgb,-56.833,-16.716,0,plant,267,119,1797,356,166,190,278,1401,62,49,279
100643,tgb,-55.833,-1.75,0,plant,270,92,639,334,220,114,264,2518,51,196,196
100968,tgb,-46.25,-21.416,0,plant,193,124,2147,268,82,186,212,1823,65,72,666
100974,tgb,-46.083,-22.866,0,plant,153,111,2210,224,47,177,175,1810,59,117,685
101056,tgb,-43.267,-21.583,0,plant,221,113,2202,302,123,179,242,1772,69,57,667
100178,tgb,-74.666,-8.3,0,plant,264,113,594,333,190,143,264,1950,31,223,546
101075,tgb,-42.883,-20.75,0,plant,207,119,2211,293,103,190,224,1443,67,55,483
101101,tgb,-42.1,-19.833,0,plant,199,122,2019,278,91,187,213,1443,68,56,485
100042,tgb,-77.333,-4.333,0,plant,266,87,375,324,215,109,266,3050,10,606,723
100194,tgb,-73.933,2.25,0,plant,262,100,692,326,200,126,254,2611,45,230,302
100270,tgb,-70.883,-5.25,0,plant,259,101,363,317,197,120,260,2512,22,367,628
100347,tgb,-67.333,-15.5,0,plant,209,104,1272,278,124,154,218,2133,46,188,721
100456,tgb,-63.433,-8.766,0,plant,259,102,564,328,186,142,257,2545,56,93,482
100489,tgb,-62.533,-7.583,0,plant,262,103,518,336,190,146,258,2603,49,142,309
100664,tgb,-54.683,-2.433,0,plant,261,88,543,321,208,113,257,2241,61,119,136
100665,tgb,-54.683,-2.4,0,plant,261,88,548,321,208,113,257,2227,60,120,138
100016,tgb,-79.216,-4.25,0,plant,190,125,365,267,122,145,190,1231,43,121,261
100179,tgb,-74.666,-8.25,0,plant,264,113,588,333,191,142,264,1949,31,225,543
100703,tgb,-52.883,-5.35,0,plant,247,108,391,312,182,130,243,2029,59,101,198
100880,tgb,-48.416,-22.75,0,plant,213,122,2363,296,107,189,237,1509,58,107,579
101185,tgb,-39.3,-14.73,0,plant,242,66,1019,291,186,105,250,1583,16,283,400
100215,tgb,-73.416,-3.833,0,plant,265,98,429,322,207,115,263,3058,14,557,722
100246,tgb,-72.666,-12.783,0,plant,235,149,615,325,141,184,233,1631,51,109,249
100265,tgb,-71.366,-11.866,0,plant,250,108,467,319,182,137,249,3028,34,341,529
100268,tgb,-71.166,-11.75,0,plant,244,105,467,310,175,135,244,3203,35,353,702
100878,tgb,-48.483,-1.45,0,plant,268,94,272,323,218,105,266,2724,47,258,258
100304,tgb,-69.05,-12.083,0,plant,250,113,1123,325,162,163,257,2230,49,149,642
100738,tgb,-51.9,-1.15,0,plant,270,91,560,332,220,112,267,2710,43,241,270
100180,tgb,-74.65,5.883,0,plant,279,97,397,335,226,109,274,3346,35,492,980
100963,tgb,-46.383,-21.933,0,plant,190,123,2191,266,78,188,210,1883,63,85,695
100980,tgb,-45.95,-4.083,0,plant,269,101,484,334,210,124,266,1888,69,81,116
101055,tgb,-43.283,-22.883,0,plant,234,82,2122,305,159,146,260,1529,36,162,498
101143,tgb,-40.55,-19.85,0,plant,204,94,1702,276,127,149,216,1341,51,125,361
101162,tgb,-40.066,-19.366,0,plant,244,91,1717,314,169,145,256,1353,46,139,359
100302,tgb,-69.05,-12.583,0,plant,256,114,1046,330,174,156,263,2492,50,177,699
100843,tgb,-49.466,-18.966,0,plant,241,128,1458,321,139,182,250,1594,70,26,333
100896,tgb,-47.983,-15.666,0,plant,213,104,936,279,133,146,216,1788,68,25,208
100609,tgb,-57.81,-7.71,0,plant,264,114,449,351,169,182,262,2874,56,98,566
100755,tgb,-51.5,-7.75,0,plant,243,134,343,331,150,181,243,2258,57,54,507
100182,tgb,-74.583,-8.333,0,plant,264,112,594,333,191,142,264,1875,32,209,526
100900,tgb,-47.95,-15.783,0,plant,210,108,981,276,126,150,214,1820,68,25,424
100239,tgb,-72.816,-3.683,0,plant,261,95,427,316,204,112,260,3047,18,521,687
100300,tgb,-69.083,-12.583,0,plant,256,114,1043,329,174,155,263,2542,50,183,712
100183,tgb,-74.5,-5.25,0,plant,271,105,416,333,206,127,271,2475,21,374,556
100185,tgb,-74.383,-10.75,0,plant,206,110,457,273,135,138,203,2202,41,236,493
100186,tgb,-74.201,-5.05,0,plant,271,104,407,332,207,125,272,2623,18,414,588
100187,tgb,-74.1,2.166,0,plant,261,100,684,325,200,125,258,2675,43,257,342
100188,tgb,-74.083,11.15,0,plant,198,88,551,245,138,107,199,1409,75,29,418
100189,tgb,-74.066,8.25,0,plant,239,98,303,300,183,117,237,2497,61,110,323
100190,tgb,-74.025,1.908,0,plant,258,98,723,323,197,126,255,2610,44,241,314
100017,tgb,-79.116,0.05,0,plant,243,105,483,303,182,121,249,3588,60,258,1535
100191,tgb,-73.983,10.166,0,plant,274,118,507,349,202,147,271,1378,59,76,192
100192,tgb,-73.966,11.316,0,plant,270,96,651,327,208,119,270,1377,75,44,336
100193,tgb,-73.933,2.033,0,plant,262,99,720,327,200,127,254,2548,45,227,293
100195,tgb,-73.916,-8.083,0,plant,256,104,631,321,184,137,256,2047,35,205,558
100198,tgb,-73.833,-5.083,0,plant,271,103,415,332,208,124,271,2813,17,462,625
100199,tgb,-73.75,-8.333,0,plant,256,103,597,320,184,136,256,1961,37,185,541
100201,tgb,-73.75,7.05,0,plant,284,96,356,339,232,107,278,2683,46,247,532
100202,tgb,-73.75,10,0,plant,277,117,519,353,206,147,273,1288,58,68,199
100203,tgb,-73.666,6.333,0,plant,257,106,360,325,195,130,253,2955,37,384,622
100204,tgb,-73.666,11.25,0,plant,281,103,642,343,216,127,279,1826,74,74,403
100018,tgb,-78.933,-4.216,0,plant,187,113,509,260,122,138,188,1875,18,340,397
100209,tgb,-73.5,-3.866,0,plant,265,98,425,322,207,115,263,3045,14,553,717
100211,tgb,-73.5,-3.666,0,plant,263,100,415,320,203,117,262,3173,12,602,754
100212,tgb,-73.5,11.166,0,plant,259,103,647,321,193,128,257,1835,73,74,412
100213,tgb,-73.5,11.25,0,plant,281,104,699,345,215,130,279,1738,76,69,368
100214,tgb,-73.416,-3.966,0,plant,263,97,428,321,206,115,261,2987,16,527,699
100217,tgb,-73.35,-3.75,0,plant,264,99,428,322,205,117,262,3103,14,573,735
100218,tgb,-73.333,-3.833,0,plant,264,98,430,322,206,116,262,3054,15,552,720
100219,tgb,-73.333,-3.666,0,plant,264,100,417,321,204,117,262,3149,13,590,747
100220,tgb,-73.25,-3.666,0,plant,264,99,417,320,204,116,262,3136,14,582,740
100221,tgb,-73.233,-3.716,0,plant,265,99,430,323,206,117,263,3103,14,570,731
100019,tgb,-78.9,0.8,0,plant,264,94,399,319,210,109,269,3020,32,442,973
100222,tgb,-73.2,-3.75,0,plant,265,98,425,321,206,115,263,3081,15,559,723
100223,tgb,-73.166,-4.25,0,plant,263,94,425,320,207,113,264,2860,20,462,658
100224,tgb,-73.166,-3.5,0,plant,264,100,427,320,203,117,262,3194,14,592,742
100225,tgb,-73.15,10.366,0,plant,267,114,478,336,198,138,263,1384,63,75,400
100230,tgb,-72.972,-7.509,0,plant,254,98,644,315,182,133,257,2529,36,236,685
100234,tgb,-72.833,-3.7,0,plant,261,95,441,316,203,113,260,3043,17,521,688
100235,tgb,-72.833,-3.5,0,plant,264,97,439,318,205,113,263,3111,17,542,696
100237,tgb,-72.833,-3.366,0,plant,264,97,424,318,204,114,263,3153,17,556,701
100241,tgb,-72.75,-4.333,0,plant,260,94,405,316,205,111,261,2808,22,431,635
100242,tgb,-72.716,-8.966,0,plant,253,100,470,314,183,131,253,1932,47,130,534
100020,tgb,-78.8,-5.4,0,plant,245,125,365,318,175,143,244,1307,23,189,265
100243,tgb,-72.696,2.474,0,plant,267,93,1069,338,206,132,260,2485,53,192,192
100245,tgb,-72.683,4.266,0,plant,269,94,981,343,214,129,258,2586,63,107,162
100247,tgb,-72.666,-4.25,0,plant,260,93,432,315,204,111,259,2826,21,439,635
100249,tgb,-72.516,-8.916,0,plant,252,100,487,313,181,132,253,1991,47,129,552
100251,tgb,-72.416,-0.583,0,plant,264,86,683,323,208,115,257,3001,31,422,497
100254,tgb,-72.083,-3,0,plant,260,93,429,313,202,111,259,3164,17,570,666
100255,tgb,-71.966,-11.366,0,plant,243,114,475,318,172,146,242,2428,36,244,430
100256,tgb,-71.916,-3.083,0,plant,259,92,439,313,203,110,259,3182,18,559,666
100257,tgb,-71.866,-11.666,0,plant,254,115,478,329,182,147,251,2489,35,262,440
100258,tgb,-71.866,-3.3,0,plant,259,92,428,313,203,110,259,3169,20,532,665
100021,tgb,-78.766,0.166,0,plant,220,119,289,285,151,134,223,2442,50,195,886
100259,tgb,-71.833,-3.333,0,plant,260,92,428,314,204,110,260,3165,20,528,664
100260,tgb,-71.666,-3.166,0,plant,259,91,416,312,203,109,258,3216,19,552,667
100261,tgb,-71.6,-11.683,0,plant,249,111,470,321,179,142,247,2713,35,291,477
100262,tgb,-71.533,-11.816,0,plant,252,111,456,323,182,141,251,2801,35,308,491
100263,tgb,-71.416,-11.833,0,plant,250,109,474,319,181,138,249,2948,35,329,516
100272,tgb,-70.8,-13.283,0,plant,222,104,908,286,150,136,227,4933,43,570,1226
100273,tgb,-70.75,-13.283,0,plant,219,102,913,282,148,134,225,5406,43,636,1343
100275,tgb,-70.683,-12.45,0,plant,249,95,589,307,188,119,251,5213,35,656,1307
100276,tgb,-70.666,-0.5,0,plant,259,85,477,312,209,103,261,3168,14,636,649
100277,tgb,-70.5,-3.916,0,plant,259,93,383,312,202,110,260,3178,22,509,683
100022,tgb,-78.766,0.2,0,plant,221,119,295,287,153,134,225,2458,50,199,885
100278,tgb,-70.5,-0.25,0,plant,258,85,467,310,208,102,260,3204,15,632,641
100280,tgb,-70.25,-7.5,0,plant,258,108,451,319,189,130,260,2730,43,204,589
100281,tgb,-70.05,1.133,0,plant,255,92,480,314,204,110,249,3530,27,564,573
100282,tgb,-70,-8,0,plant,254,113,523,318,181,137,256,2676,46,172,548
100283,tgb,-69.75,-13.5,0,plant,244,113,1200,313,161,152,252,3954,46,392,1269
100284,tgb,-69.666,-13.2,0,plant,253,108,1070,320,177,143,260,4414,45,455,1151
100285,tgb,-69.616,-11.5,0,plant,244,112,1095,317,150,167,251,2187,45,155,644
100287,tgb,-69.416,-1.416,0,plant,255,85,393,304,206,98,255,3691,19,604,820
100288,tgb,-69.416,-1.25,0,plant,255,86,399,304,206,98,255,3644,18,616,788
100290,tgb,-69.333,-12.55,0,plant,255,112,1025,327,174,153,261,3021,47,247,832
100023,tgb,-78.75,-6.333,0,plant,154,135,716,229,68,161,160,897,39,84,321
100291,tgb,-69.333,-11.2,0,plant,245,112,1043,318,151,167,251,1844,50,89,566
100293,tgb,-69.283,-12.983,0,plant,255,111,1064,325,176,149,262,3233,48,277,875
100296,tgb,-69.25,-12.433,0,plant,253,113,1043,325,171,154,260,2741,48,211,765
100297,tgb,-69.2,-12.516,0,plant,255,113,1043,327,173,154,262,2698,48,203,752
100299,tgb,-69.116,-9.716,0,plant,249,120,751,317,162,155,254,2079,53,82,604
100305,tgb,-69,-10,0,plant,251,115,761,320,165,155,256,2007,53,76,588
100311,tgb,-68.666,-12.5,0,plant,258,114,1115,333,173,160,266,2097,52,136,597
100312,tgb,-68.666,-11.95,0,plant,254,112,1148,331,166,165,262,1956,51,117,432
100313,tgb,-68.65,-18.116,0,plant,76,187,2596,191,-70,261,100,439,112,0,239
100314,tgb,-68.616,-11.85,0,plant,254,111,1134,329,166,163,261,1927,51,113,428
100001,tgb,-80.816,-1.566,0,plant,248,70,1171,298,194,104,261,355,78,25,178
100024,tgb,-78.716,-4.3,0,plant,219,112,531,291,154,137,219,2515,14,490,521
100315,tgb,-68.6,-12.1,0,plant,253,112,1141,329,166,163,260,1968,51,120,429
100316,tgb,-68.333,-10.75,0,plant,257,103,866,326,178,148,262,2118,52,108,459
100317,tgb,-68.283,-12.016,0,plant,255,111,1120,330,168,162,262,1887,52,115,408
100318,tgb,-68.25,-12.016,0,plant,256,111,1111,331,169,162,263,1879,52,114,406
100320,tgb,-68.2,-13.716,0,plant,254,107,1249,324,176,148,261,2080,50,176,545
100321,tgb,-68.1,-16.133,0,plant,151,132,1435,234,45,189,162,940,64,39,351
100322,tgb,-68.066,-14.333,0,plant,214,98,1268,279,141,138,221,2059,46,203,536
100323,tgb,-68.033,-9.65,0,plant,256,112,695,321,177,144,259,2214,50,124,806
100324,tgb,-68.016,-16.05,0,plant,203,130,1407,284,101,183,214,1054,62,49,389
100325,tgb,-68.016,-11.983,0,plant,259,112,1090,336,173,163,266,1857,52,116,397
100025,tgb,-78.666,-4.333,0,plant,227,113,533,300,164,136,228,2640,13,514,545
100326,tgb,-68,-3.3,0,plant,255,91,348,309,203,106,253,3147,18,503,601
100327,tgb,-67.983,-11.733,0,plant,260,110,1067,335,173,162,266,1897,51,117,411
100328,tgb,-67.945,-11.601,0,plant,258,108,1052,333,172,161,264,1930,51,119,419
100331,tgb,-67.75,-16.333,0,plant,135,128,1303,216,36,180,144,1176,58,59,432
100333,tgb,-67.75,-2.767,0,plant,252,91,354,306,201,105,251,3407,15,599,656
100334,tgb,-67.733,-16.216,0,plant,198,127,1293,278,101,177,208,1254,57,66,458
100335,tgb,-67.733,-16.183,0,plant,215,127,1282,294,118,176,225,1268,57,68,463
100336,tgb,-67.733,-15.733,0,plant,223,114,1292,295,133,162,232,1666,52,115,593
100337,tgb,-67.733,-11.116,0,plant,261,106,915,332,179,153,266,2155,49,139,461
100339,tgb,-67.7,-16.083,0,plant,228,123,1243,304,133,171,237,1397,55,81,506
100026,tgb,-78.666,0.166,0,plant,208,123,246,277,137,140,211,2000,49,146,719
100340,tgb,-67.616,-16.016,0,plant,236,120,1207,310,144,166,245,1557,54,98,559
100341,tgb,-67.616,-12.45,0,plant,260,115,1077,337,172,165,267,1796,55,121,508
100342,tgb,-67.533,-14.45,0,plant,254,113,1389,328,167,161,263,2126,46,217,503
100343,tgb,-67.5,-15.5,0,plant,245,108,1334,314,158,156,255,1980,47,164,678
100345,tgb,-67.366,-16.533,0,plant,212,136,1296,295,109,186,222,1306,59,65,473
100346,tgb,-67.333,-16.666,0,plant,148,139,1407,235,40,195,158,1224,61,58,447
100348,tgb,-67.266,0.1,0,plant,263,89,413,315,213,102,260,3190,17,557,557
100355,tgb,-67.083,-14.833,0,plant,254,108,1430,326,165,161,263,2040,45,203,509
100357,tgb,-67,-0.183,0,plant,266,83,451,315,217,98,262,3138,17,531,620
100358,tgb,-66.983,-11.333,0,plant,265,112,903,340,178,162,269,1964,51,127,423
100027,tgb,-78.666,1.083,0,plant,260,84,353,309,213,96,265,3373,24,565,1029
100359,tgb,-66.933,-15.033,0,plant,255,105,1472,326,166,160,265,2094,45,200,538
100360,tgb,-66.683,-10.666,0,plant,264,109,752,335,180,155,267,2295,51,124,479
100361,tgb,-66.666,-14.833,0,plant,254,106,1535,326,162,164,264,2022,48,180,505
100362,tgb,-66.5,-14.75,0,plant,253,107,1559,327,160,167,263,2004,50,169,497
100364,tgb,-66.416,-14.816,0,plant,253,107,1602,326,159,167,263,2047,50,170,511
100365,tgb,-66.416,-0.416,0,plant,266,84,443,314,217,97,262,3013,17,513,589
100366,tgb,-66.383,-14.833,0,plant,253,107,1612,325,158,167,263,2061,50,171,514
100367,tgb,-66.366,-14.65,0,plant,252,109,1586,325,157,168,262,1977,51,158,491
100368,tgb,-66.333,-14.75,0,plant,252,108,1640,325,156,169,262,2026,51,164,504
100370,tgb,-66.25,-11.033,0,plant,265,114,799,341,176,165,267,1938,56,80,392
100030,tgb,-78.2,-2.366,0,plant,212,105,487,276,154,122,209,2405,24,389,422
100371,tgb,-66.166,-11.25,0,plant,266,115,820,344,177,167,268,1844,58,77,368
100372,tgb,-66.166,-11.133,0,plant,267,115,801,344,178,166,269,1885,58,75,376
100374,tgb,-66.1,-11.133,0,plant,266,115,798,343,178,165,268,1877,58,71,371
100375,tgb,-66.1,-11.033,0,plant,266,114,756,344,180,164,269,1910,58,70,377
100378,tgb,-66.083,-3.5,0,plant,262,91,344,317,209,108,262,3201,25,451,616
100381,tgb,-66,-10.933,0,plant,266,113,722,343,182,161,267,1916,59,65,377
100382,tgb,-66,-3.217,0,plant,260,92,337,315,207,108,259,3184,23,465,604
100384,tgb,-65.933,-0.283,0,plant,267,86,402,316,218,98,263,2911,17,511,656
100386,tgb,-65.916,-0.25,0,plant,268,86,407,317,219,98,263,2915,17,513,566
100387,tgb,-65.9,-11.083,0,plant,266,113,729,344,183,161,267,1859,59,61,362
100031,tgb,-78.166,-3.5,0,plant,191,105,583,261,132,129,188,3176,14,622,672
100389,tgb,-65.833,-11.083,0,plant,266,113,710,344,184,160,267,1847,60,59,358
100390,tgb,-65.833,-11.05,0,plant,265,112,697,343,184,159,266,1853,59,59,360
100391,tgb,-65.71,-9.1,0,plant,261,105,520,326,191,135,260,2005,56,74,255
100392,tgb,-65.583,-1.833,0,plant,260,93,333,312,208,104,257,3086,19,542,559
100394,tgb,-65.366,-10.816,0,plant,267,108,705,345,188,157,264,1819,59,51,358
100397,tgb,-65.333,-9.666,0,plant,264,104,589,333,196,137,262,1916,57,67,233
100400,tgb,-65.017,-11.9,0,plant,267,117,704,351,181,170,266,1756,61,39,334
100402,tgb,-64.966,-14.766,0,plant,258,114,1551,334,160,174,269,2189,53,145,585
100403,tgb,-64.883,-14.8,0,plant,259,114,1533,335,161,174,270,2207,53,147,592
100404,tgb,-64.87,-7.2,0,plant,264,101,326,328,197,131,263,2638,45,163,530
100032,tgb,-77.966,-5.916,0,plant,199,111,421,265,131,134,200,843,26,120,207
100407,tgb,-64.833,-3.333,0,plant,268,90,273,321,217,104,266,2842,25,397,460
100408,tgb,-64.8,-14.816,0,plant,259,113,1523,335,162,173,270,2206,53,147,595
100409,tgb,-64.8,-2.3,0,plant,264,93,306,318,211,107,261,3799,19,657,695
100410,tgb,-64.783,-3.583,0,plant,268,88,264,321,219,102,266,2639,27,347,409
100412,tgb,-64.7,-15.616,0,plant,254,102,1791,323,157,166,268,3093,48,278,1053
100413,tgb,-64.7,-3.39,0,plant,269,89,273,322,218,104,266,2727,26,370,434
100414,tgb,-64.656,-12.486,0,plant,264,121,736,350,178,172,265,1706,62,35,327
100416,tgb,-64.466,-19.583,0,plant,186,120,2228,265,79,186,205,808,77,19,307
100417,tgb,-64.433,-22.166,0,plant,198,151,3781,305,42,263,235,1455,71,32,653
100418,tgb,-64.416,-22.083,0,plant,204,152,3716,312,49,263,241,1403,73,29,632
100034,tgb,-77.75,-5.833,0,plant,118,92,445,178,57,121,118,1200,21,190,298
100420,tgb,-64.367,-9.367,0,plant,260,103,602,328,188,140,259,2314,52,101,307
100422,tgb,-64.3,-21.45,0,plant,155,147,3374,258,2,256,189,998,75,15,460
100423,tgb,-64.25,-21.333,0,plant,183,148,3401,286,29,257,217,940,76,12,433
100424,tgb,-64.233,-12.416,0,plant,259,122,683,346,174,172,260,1733,62,34,330
100425,tgb,-64.133,-13.35,0,plant,260,123,907,344,172,172,264,1666,61,51,335
100426,tgb,-64.133,-12.5,0,plant,261,122,695,347,175,172,262,1723,62,36,331
100427,tgb,-64.05,-18.016,0,plant,184,117,1797,258,89,169,201,884,56,71,367
100428,tgb,-64.033,-21.333,0,plant,220,144,3531,324,67,257,249,965,75,9,432
100429,tgb,-64.033,-17.95,0,plant,188,116,1812,261,93,168,205,964,54,83,394
100430,tgb,-64,-9,0,plant,260,103,606,328,184,144,258,2405,53,99,317
100041,tgb,-77.416,4.25,0,plant,253,60,310,292,220,72,250,8460,26,1211,1698
100432,tgb,-63.733,-17.675,0,plant,239,108,2073,311,145,166,258,1448,46,154,546
100433,tgb,-63.733,-17.566,0,plant,245,107,2106,317,151,166,264,1598,49,166,612
100434,tgb,-63.733,-17.551,0,plant,245,107,2095,317,150,167,264,1611,49,167,618
100435,tgb,-63.733,-14.666,0,plant,258,117,1383,337,164,173,269,1675,58,97,489
100436,tgb,-63.725,-17.666,0,plant,239,108,2082,311,145,166,258,1464,46,156,551
100438,tgb,-63.7,-17.45,0,plant,244,105,2141,315,150,165,264,1756,50,179,677
100439,tgb,-63.666,-17.416,0,plant,246,104,2161,318,152,166,266,1777,50,181,684
100440,tgb,-63.616,-17.683,0,plant,245,106,2148,318,151,167,264,1451,44,157,533
100441,tgb,-63.616,-17.583,0,plant,245,105,2167,317,151,166,264,1567,46,166,586
100442,tgb,-63.616,-17.416,0,plant,245,104,2204,317,150,167,265,1748,49,179,667
100043,tgb,-77.333,-0.5,0,plant,244,94,496,300,191,109,241,3753,19,702,809
100443,tgb,-63.616,-10.583,0,plant,252,114,523,329,176,153,251,2551,55,96,322
100444,tgb,-63.616,-10.566,0,plant,253,114,530,330,178,152,252,2558,55,96,322
100446,tgb,-63.583,-17.7,0,plant,244,105,2175,316,150,166,264,1437,44,155,525
100447,tgb,-63.583,-10.583,0,plant,249,114,509,326,174,152,248,2570,55,95,324
100448,tgb,-63.533,-18.166,0,plant,231,113,2109,309,134,175,249,1079,52,83,393
100449,tgb,-63.533,-17.766,0,plant,244,105,2173,316,150,166,263,1377,43,147,497
100452,tgb,-63.5,-18.1,0,plant,237,112,2149,314,142,172,256,1121,49,95,404
100453,tgb,-63.5,-8.45,0,plant,263,102,567,331,189,142,260,2504,56,101,476
100455,tgb,-63.433,-17.666,0,plant,244,103,2231,317,151,166,263,1471,44,157,515
100457,tgb,-63.416,-20.05,0,plant,227,132,3052,323,100,223,255,945,75,25,376
100002,tgb,-80.766,-1.683,0,plant,246,72,1193,298,192,106,260,403,83,26,212
100044,tgb,-77.333,-0.166,0,plant,222,98,504,282,168,114,219,3833,15,753,795
100458,tgb,-63.416,-17.683,0,plant,243,103,2223,315,150,165,262,1458,44,156,513
100459,tgb,-63.341,-17.716,0,plant,244,103,2239,318,152,166,264,1430,44,153,512
100460,tgb,-63.341,-14.716,0,plant,256,119,1419,335,160,175,267,1531,60,84,458
100462,tgb,-63.266,-17.35,0,plant,245,104,2270,320,150,170,265,1514,47,158,548
100463,tgb,-63.25,-17.816,0,plant,244,104,2247,318,151,167,264,1363,45,145,499
100464,tgb,-63.25,-17.566,0,plant,244,104,2240,319,151,168,264,1459,46,155,538
100465,tgb,-63.216,-18.025,0,plant,242,109,2232,319,148,171,262,1209,48,117,451
100466,tgb,-63.2,-18.041,0,plant,243,110,2246,320,148,172,263,1196,48,115,448
100467,tgb,-63.2,-17.783,0,plant,244,104,2238,319,152,167,264,1370,45,149,507
100468,tgb,-63.183,-17.866,0,plant,244,106,2221,320,153,167,264,1316,46,140,490
100045,tgb,-77.316,-0.35,0,plant,246,96,503,304,192,112,242,3797,17,733,805
100469,tgb,-63.183,-17.85,0,plant,244,105,2242,319,152,167,264,1329,46,143,494
100472,tgb,-63.166,-15.8,0,plant,256,111,1862,330,162,168,272,1333,54,109,360
100476,tgb,-63.1,-15.566,0,plant,256,114,1806,332,160,172,271,1284,56,97,357
100479,tgb,-63.033,-15.583,0,plant,255,115,1793,330,158,172,269,1258,57,93,351
100480,tgb,-63.017,-7.55,0,plant,264,103,506,338,193,145,261,2483,50,127,292
100481,tgb,-63.008,-17.733,0,plant,245,114,2138,324,154,170,264,1266,48,141,487
100482,tgb,-62.983,-17.75,0,plant,245,115,2131,325,154,171,264,1245,48,138,481
100485,tgb,-62.883,-17.7,0,plant,247,121,2061,329,153,176,265,1175,49,130,460
100486,tgb,-62.867,-8.083,0,plant,263,103,560,336,188,148,262,2471,54,106,469
100487,tgb,-62.8,-10.233,0,plant,250,118,496,332,166,166,249,2468,59,57,295
100046,tgb,-77.283,-4.366,0,plant,267,87,348,325,216,109,267,2994,10,592,715
100490,tgb,-62.483,-16.6,0,plant,248,123,1748,327,152,175,262,1216,54,95,326
100491,tgb,-62.3,-18.766,0,plant,251,135,2403,348,141,207,273,610,54,37,208
100493,tgb,-62.083,-16.133,0,plant,235,133,1728,319,129,190,248,1313,53,83,480
100494,tgb,-62.05,-16.133,0,plant,235,134,1736,320,128,192,248,1315,54,81,386
100496,tgb,-61.848,-16.184,0,plant,237,139,1747,326,126,200,250,1313,54,77,389
100498,tgb,-61.833,-16.216,0,plant,235,139,1730,324,125,199,248,1313,54,77,482
100499,tgb,-61.833,-6.133,0,plant,265,94,409,326,206,120,260,2608,42,198,630
100501,tgb,-61.8,-0.15,0,plant,272,97,343,325,216,109,267,2414,35,353,438
100502,tgb,-61.783,-17.066,0,plant,241,138,1791,332,133,199,255,1106,54,87,321
100503,tgb,-61.75,-15.833,0,plant,238,141,1676,328,125,203,250,1369,57,65,415
100047,tgb,-77.2,3.916,0,plant,259,74,322,305,219,86,256,8080,28,1102,1247
100504,tgb,-61.68,-16.52,0,plant,236,142,1748,328,124,204,249,1251,54,79,366
100505,tgb,-61.667,3.417,0,plant,267,110,512,330,204,126,260,1858,65,174,259
100506,tgb,-61.666,-16.5,0,plant,236,142,1743,328,124,204,249,1255,54,78,367
100507,tgb,-61.6,-1.45,0,plant,273,92,348,328,220,108,269,2333,28,363,363
100508,tgb,-61.5,-14.533,0,plant,241,140,1226,329,133,196,249,2011,69,47,407
100510,tgb,-61.492,-14.605,0,plant,235,140,1242,324,127,197,243,1964,69,47,397
100512,tgb,-61.466,-14.516,0,plant,240,140,1202,328,132,196,248,2035,69,47,412
100515,tgb,-61.383,-1.833,0,plant,273,90,374,328,222,106,269,2611,32,367,378
100516,tgb,-61.366,-13.733,0,plant,236,136,862,322,135,187,241,2530,71,44,522
100517,tgb,-61.351,-14.597,0,plant,241,141,1233,331,132,199,249,2002,69,47,403
100049,tgb,-77.133,4.2,0,plant,259,71,307,302,221,81,256,7335,25,1081,1498
100518,tgb,-61.333,-13.666,0,plant,236,136,848,322,135,187,241,2557,71,44,529
100519,tgb,-61.267,1.55,0,plant,274,100,573,334,213,121,265,1849,65,161,201
100522,tgb,-61.203,-14.575,0,plant,243,142,1228,333,132,201,250,2046,69,48,411
100523,tgb,-61.2,-2.65,0,plant,270,86,456,325,222,103,266,2825,37,303,358
100524,tgb,-61.161,-14.346,0,plant,240,140,1120,329,132,197,247,2230,70,47,450
100525,tgb,-61.16,-14.705,0,plant,243,143,1290,334,131,203,251,1949,68,49,389
100527,tgb,-61.159,-14.343,0,plant,240,140,1120,329,132,197,247,2230,70,47,450
100529,tgb,-61.15,-3.7,0,plant,272,85,453,326,225,101,267,2471,34,285,323
100535,tgb,-61.126,-14.703,0,plant,243,143,1263,334,131,203,251,1951,68,49,388
100538,tgb,-61.041,-14.763,0,plant,243,144,1292,334,130,204,251,1913,67,49,380
100050,tgb,-77.116,7.45,0,plant,269,86,375,325,220,105,269,3237,49,208,372
100541,tgb,-61.033,-11.2,0,plant,233,131,464,326,136,190,233,2282,64,46,246
100542,tgb,-61.028,-14.779,0,plant,243,144,1315,335,130,205,251,1900,67,50,376
100544,tgb,-61.016,-14.533,0,plant,241,142,1204,331,130,201,248,2091,68,50,418
100547,tgb,-61.008,-13.55,0,plant,236,136,782,322,135,187,240,2662,70,48,551
100548,tgb,-61,-13.55,0,plant,236,136,778,322,135,187,239,2663,70,48,551
100549,tgb,-61,-13.5,0,plant,236,135,758,322,136,186,239,2638,69,49,546
100550,tgb,-60.983,-16.35,0,plant,235,150,1777,334,112,222,246,1354,58,68,267
100551,tgb,-60.983,-13.766,0,plant,231,137,869,317,128,189,236,2647,70,49,544
100552,tgb,-60.971,-16.459,0,plant,231,148,1785,330,110,220,243,1353,58,72,267
100553,tgb,-60.95,-15.5,0,plant,244,149,1568,340,125,215,254,1545,63,55,298
100051,tgb,-77.083,-0.333,0,plant,248,96,489,307,194,113,245,3791,16,760,882
100554,tgb,-60.933,-13.583,0,plant,236,136,778,322,134,188,239,2655,69,49,548
100555,tgb,-60.933,-2.416,0,plant,273,86,450,328,225,103,269,2852,36,320,374
100557,tgb,-60.92,-1.4,0,plant,271,90,398,327,220,107,267,2580,36,369,371
100558,tgb,-60.9,-13.65,0,plant,216,134,788,301,115,186,219,2673,69,51,553
100559,tgb,-60.883,-14.583,0,plant,241,143,1222,331,128,203,248,2044,67,51,406
100560,tgb,-60.883,-14.55,0,plant,238,142,1202,328,127,201,245,2072,68,52,412
100562,tgb,-60.856,-14.606,0,plant,241,143,1242,331,128,203,248,2022,67,51,400
100563,tgb,-60.847,-13.632,0,plant,236,136,820,322,134,188,240,2623,69,50,541
100564,tgb,-60.831,-13.653,0,plant,227,136,823,312,125,187,231,2624,69,51,541
100566,tgb,-60.814,-13.906,0,plant,221,137,909,308,117,191,226,2553,69,52,522
100052,tgb,-77.066,8.016,0,plant,266,78,304,315,222,93,265,2493,44,199,347
100568,tgb,-60.8,-13.65,0,plant,236,136,810,322,133,189,240,2592,68,50,533
100570,tgb,-60.787,-14.641,0,plant,238,143,1253,328,125,203,245,1993,67,52,393
100574,tgb,-60.716,-14.633,0,plant,213,141,1210,302,102,200,219,2016,66,56,399
100576,tgb,-60.62,-19.296,0,plant,247,137,2585,342,129,213,264,696,51,39,243
100577,tgb,-60.616,-18.7,0,plant,246,134,2307,339,134,205,265,859,51,54,258
100578,tgb,-60.553,-13.368,0,plant,223,133,699,309,124,185,226,2375,63,57,501
100580,tgb,-60.5,3.033,0,plant,274,99,612,334,215,119,265,1528,83,66,158
100581,tgb,-60.4,-13.983,0,plant,237,139,967,324,130,194,242,2322,65,54,465
100583,tgb,-60.4,-5.117,0,plant,269,89,402,326,215,111,264,2740,40,249,472
100584,tgb,-60.4,-3.8,0,plant,273,84,468,329,226,103,268,2404,38,246,269
100053,tgb,-77.066,8.033,0,plant,266,78,304,315,222,93,265,2474,43,199,346
100585,tgb,-60.383,-14.816,0,plant,208,142,1279,297,95,202,215,1836,64,62,353
100586,tgb,-60.317,3.367,0,plant,274,98,572,332,217,115,266,1460,87,53,150
100587,tgb,-60.283,-3.417,0,plant,275,83,458,330,228,102,270,2447,42,226,257
100588,tgb,-60.25,-2.516,0,plant,274,84,497,329,226,103,270,2617,30,338,406
100590,tgb,-60,-3,0,plant,273,83,497,329,226,103,269,2360,37,233,307
100591,tgb,-59.916,-7.25,0,plant,260,103,432,333,181,152,256,2434,47,124,673
100592,tgb,-59.9,-2.416,0,plant,270,84,475,325,222,103,266,2510,28,326,412
100593,tgb,-59.766,-18.333,0,plant,254,130,2157,343,150,193,273,1239,46,100,428
100594,tgb,-59.733,-18.35,0,plant,253,131,2157,341,148,193,272,1241,46,100,429
100596,tgb,-59.666,-15.166,0,plant,246,142,1476,330,132,198,255,1689,64,56,293
100054,tgb,-77.033,-0.583,0,plant,244,94,464,300,190,110,241,3706,18,721,890
100597,tgb,-59.533,-1.833,0,plant,275,85,481,331,227,104,271,2720,41,325,325
100598,tgb,-59.466,-18.533,0,plant,256,135,2208,346,148,198,275,1222,47,94,419
100600,tgb,-59,-9,0,plant,256,119,531,343,157,186,256,2478,60,70,448
100601,tgb,-59,-1,0,plant,269,87,512,327,221,106,265,2631,46,270,270
100602,tgb,-58.75,-3,0,plant,266,86,419,323,217,106,262,2454,46,244,244
100603,tgb,-58.3,-12.933,0,plant,248,140,990,335,131,204,252,2405,66,43,504
100606,tgb,-57.916,-7.25,0,plant,265,110,409,348,175,173,263,2765,55,101,534
100608,tgb,-57.833,-4.583,0,plant,268,93,400,329,208,121,264,2603,44,250,296
100610,tgb,-57.75,-3.383,0,plant,272,88,461,330,221,109,267,2404,35,287,287
100612,tgb,-57.683,-3.316,0,plant,272,88,480,331,222,109,267,2415,35,284,284
100004,tgb,-80.716,-1.583,0,plant,223,76,1088,274,167,107,235,494,81,28,257
100055,tgb,-77.033,3.916,0,plant,266,82,303,315,223,92,263,6302,28,875,1003
100615,tgb,-57.6,-17.833,0,plant,265,118,2095,348,167,181,280,1369,56,79,517
100616,tgb,-57.583,-7.583,0,plant,264,114,421,351,170,181,262,2952,55,96,614
100617,tgb,-57.55,-22.167,0,plant,250,111,3022,339,144,195,278,1470,35,150,447
100618,tgb,-57.533,-17.866,0,plant,262,116,2082,346,166,180,278,1365,57,77,517
100619,tgb,-57.516,-7.583,0,plant,264,114,441,352,170,182,262,2965,55,94,626
100620,tgb,-57.5,-19.183,0,plant,237,100,2262,310,152,158,257,1301,53,91,480
100621,tgb,-57.333,-7.75,0,plant,259,117,466,349,164,185,257,2959,56,89,417
100622,tgb,-57.183,-15.017,0,plant,259,125,1250,332,149,183,266,1874,62,57,707
100623,tgb,-56.916,-17.25,0,plant,267,117,1909,355,168,187,280,1386,61,57,274
100624,tgb,-56.833,-21,0,plant,222,111,2596,305,118,187,246,1539,40,144,512
100056,tgb,-77,-0.5,0,plant,246,95,476,304,192,112,243,3707,17,735,889
100627,tgb,-56.71,-2.64,0,plant,276,84,606,336,231,105,271,2513,46,199,199
100628,tgb,-56.65,-2.167,0,plant,275,83,614,335,230,105,270,2573,53,159,159
100629,tgb,-56.633,-9.933,0,plant,256,136,654,355,156,199,253,2620,62,45,317
100630,tgb,-56.517,-14.5,0,plant,260,128,835,335,160,175,263,1940,62,40,631
100634,tgb,-56.283,-15.733,0,plant,258,115,1451,336,153,183,269,1474,59,46,580
100635,tgb,-56.267,-14.733,0,plant,252,114,1059,317,161,156,261,1690,56,61,623
100638,tgb,-56.033,-21.483,0,plant,239,118,2546,322,127,195,260,1536,35,153,430
100639,tgb,-56,-1.5,0,plant,275,92,692,340,226,114,269,2676,47,260,260
100644,tgb,-55.804,-15.29,0,plant,228,109,1341,299,133,166,240,1637,56,57,625
100646,tgb,-55.75,2.333,0,plant,241,97,682,314,190,124,237,1902,57,142,142
100057,tgb,-77,-0.433,0,plant,247,95,467,304,193,111,244,3729,17,746,890
100647,tgb,-55.7,-11.7,0,plant,252,143,917,363,145,218,252,2056,67,14,236
100648,tgb,-55.65,-22.45,0,plant,220,124,2534,305,107,198,242,1566,32,168,468
100649,tgb,-55.65,-10.283,0,plant,255,144,728,361,152,209,250,2498,62,46,323
100652,tgb,-55.517,-3.733,0,plant,262,98,537,326,203,123,256,2220,51,190,249
100654,tgb,-55.383,-12.3,0,plant,248,145,932,356,138,218,248,2161,69,11,468
100655,tgb,-55.166,-11.3,0,plant,251,148,820,362,141,221,249,2156,67,12,256
100656,tgb,-55,-9,0,plant,240,141,676,350,141,209,237,2894,63,37,365
100657,tgb,-54.95,-15.983,0,plant,249,125,1591,340,139,201,259,1927,65,31,418
100658,tgb,-54.95,-8.75,0,plant,246,139,674,354,149,205,238,2884,62,39,358
100659,tgb,-54.917,-30.25,0,plant,193,114,4019,310,86,224,212,1696,8,353,376
100058,tgb,-77,-0.4,0,plant,247,96,489,306,193,113,244,3737,16,750,891
100660,tgb,-54.916,-9.583,0,plant,246,145,691,360,145,215,239,2792,62,41,369
100661,tgb,-54.867,-22.15,0,plant,233,118,2338,314,124,190,244,1575,32,168,418
100666,tgb,-54.617,-16.483,0,plant,251,129,1680,342,139,203,261,1829,67,31,393
100671,tgb,-54.483,-27.833,0,plant,204,116,3579,309,91,218,167,1929,10,406,422
100673,tgb,-54.317,-24.467,0,plant,217,125,3233,314,102,212,234,1767,19,296,468
100676,tgb,-54.25,-21.083,0,plant,238,112,1665,310,146,164,249,1631,43,123,551
100677,tgb,-54.15,-13.9,0,plant,232,144,1182,320,120,200,238,1845,65,41,452
100679,tgb,-54.067,-24.567,0,plant,207,129,3115,305,93,212,224,1777,21,301,481
100680,tgb,-54,-28.383,0,plant,204,113,3582,310,97,213,169,1945,10,407,423
100681,tgb,-53.983,-24.033,0,plant,217,124,2932,312,108,204,234,1616,21,277,443
100059,tgb,-76.966,-1.366,0,plant,241,94,425,296,186,110,239,4338,18,825,1079
100682,tgb,-53.95,2.116,0,plant,248,94,562,318,196,122,245,2348,47,152,152
100684,tgb,-53.766,-27.166,0,plant,211,126,3421,318,98,220,217,1917,9,400,449
100685,tgb,-53.75,-27.367,0,plant,198,122,3387,303,86,217,205,1921,9,408,440
100688,tgb,-53.617,-23.983,0,plant,213,130,2939,309,100,209,243,1586,21,288,422
100689,tgb,-53.566,-26.666,0,plant,186,132,3367,294,69,225,222,2073,10,444,518
100690,tgb,-53.566,-26.533,0,plant,185,134,3375,293,66,227,221,2099,12,443,534
100691,tgb,-53.516,-26.716,0,plant,182,131,3351,289,67,222,217,2081,9,449,517
100692,tgb,-53.5,-28.3,0,plant,199,112,3383,302,97,205,200,1876,11,395,419
100693,tgb,-53.483,-24.983,0,plant,183,131,3051,285,70,215,216,1984,22,360,550
100694,tgb,-53.333,-27.066,0,plant,208,124,3305,313,97,216,216,2018,7,436,479
100060,tgb,-76.916,-7.25,0,plant,229,150,505,309,134,175,228,1603,31,188,420
100695,tgb,-53.25,-22.167,0,plant,231,122,2149,313,129,184,245,1482,40,147,471
100696,tgb,-53.25,1.35,0,plant,252,93,609,320,201,119,248,2530,41,198,277
100697,tgb,-53.183,-27.066,0,plant,203,120,3278,306,94,212,211,2062,7,447,489
100698,tgb,-53.15,-32.233,0,plant,183,109,3830,294,78,216,141,1377,12,263,333
100699,tgb,-53.083,-25.583,0,plant,196,136,3394,303,73,230,233,2045,22,371,577
100700,tgb,-53,-27.1,0,plant,213,116,3237,315,109,206,223,2096,7,454,494
100701,tgb,-53,-1.5,0,plant,272,89,650,332,224,108,267,1955,50,132,157
100702,tgb,-52.916,-27.116,0,plant,201,113,3179,300,100,200,211,2136,7,463,501
100704,tgb,-52.867,-25.1,0,plant,172,126,3017,268,60,208,204,2002,24,359,574
100705,tgb,-52.85,-27.95,0,plant,193,104,3176,290,97,193,206,1919,12,385,434
100063,tgb,-76.866,-0.666,0,plant,244,94,451,300,190,110,241,3630,17,711,888
100706,tgb,-52.75,-31.85,0,plant,188,109,3833,298,80,218,159,1476,15,271,361
100708,tgb,-52.75,-18.167,0,plant,230,121,1348,307,133,174,237,1930,60,63,444
100709,tgb,-52.616,-27.1,0,plant,190,112,3017,287,92,195,200,2255,8,489,524
100713,tgb,-52.5,-22.833,0,plant,215,126,2608,299,102,197,240,1375,34,163,429
100714,tgb,-52.45,-23.75,0,plant,204,120,2712,292,101,191,232,1582,25,248,469
100716,tgb,-52.4,-26.883,0,plant,177,128,3074,277,65,212,163,2465,10,539,577
100717,tgb,-52.4,-24.017,0,plant,204,115,2708,291,103,188,231,1685,25,272,507
100718,tgb,-52.383,-26.4,0,plant,165,136,3252,271,44,227,147,2337,15,481,585
100720,tgb,-52.366,2.883,0,plant,256,95,524,326,197,129,254,2702,43,203,237
100722,tgb,-52.333,-26.583,0,plant,175,135,3208,279,55,224,158,2405,14,513,582
100064,tgb,-76.85,-1.533,0,plant,239,94,437,295,184,111,236,4225,16,814,1043
100723,tgb,-52.333,-26.55,0,plant,178,135,3227,284,58,226,161,2384,14,506,580
100724,tgb,-52.333,-15.666,0,plant,247,134,1363,330,134,196,253,1853,71,22,404
100725,tgb,-52.25,-15.883,0,plant,250,128,1292,332,141,191,256,1864,72,26,396
100726,tgb,-52.25,-15.85,0,plant,239,127,1281,319,129,190,244,1875,72,26,402
100729,tgb,-52.133,-29.617,0,plant,205,99,3401,305,112,193,238,1505,30,205,464
100734,tgb,-52,1.75,0,plant,257,89,624,324,205,119,254,2752,42,210,276
100735,tgb,-51.933,1.666,0,plant,257,88,629,323,206,117,253,2753,42,209,276
100739,tgb,-51.883,-12.833,0,plant,257,131,938,340,157,183,262,1887,69,13,618
100740,tgb,-51.866,0.533,0,plant,264,83,637,325,220,105,260,2615,42,213,263
100742,tgb,-51.8,-16.983,0,plant,239,116,1033,315,147,168,244,1926,69,33,404
100065,tgb,-76.833,-6.166,0,plant,231,94,505,291,164,127,231,1557,23,235,393
100744,tgb,-51.783,-17.2,0,plant,223,116,1048,298,133,165,229,1900,66,40,404
100745,tgb,-51.767,3.9,0,plant,258,91,458,327,202,125,256,3825,50,207,207
100746,tgb,-51.75,-27.05,0,plant,171,121,3236,270,58,212,154,2073,16,428,487
100747,tgb,-51.75,-0.833,0,plant,270,89,575,332,221,111,267,2714,42,229,253
100748,tgb,-51.75,0.7,0,plant,263,82,637,324,219,105,259,2595,43,201,263
100749,tgb,-51.717,-24.75,0,plant,180,117,2813,268,76,192,210,1823,29,305,534
100750,tgb,-51.7,-17.8,0,plant,230,117,1069,304,141,163,237,1841,63,55,398
100751,tgb,-51.616,-26.683,0,plant,151,122,3230,249,36,213,133,2046,14,431,486
100752,tgb,-51.6,-27.333,0,plant,189,117,3272,287,79,208,171,1945,17,387,461
100756,tgb,-51.5,3,0,plant,258,92,539,328,201,127,256,3522,52,181,181
100066,tgb,-76.833,-0.316,0,plant,247,96,469,306,193,113,244,3677,16,737,883
100759,tgb,-51.45,2.883,0,plant,260,92,545,330,203,127,257,3541,52,181,182
100760,tgb,-51.433,-0.433,0,plant,270,83,606,331,226,105,267,2695,47,181,204
100761,tgb,-51.316,3.6,0,plant,260,91,480,329,204,125,258,3950,55,159,159
100762,tgb,-51.267,-15.667,0,plant,259,112,865,335,172,163,262,1867,75,18,195
100763,tgb,-51.233,-10.166,0,plant,267,129,621,348,177,171,271,2037,66,26,429
100767,tgb,-51.167,-29.233,0,plant,177,95,3076,270,88,182,165,2009,11,416,485
100768,tgb,-51.117,-20.65,0,plant,234,126,2271,311,121,190,255,1395,58,80,564
100769,tgb,-51.117,-16.417,0,plant,245,110,956,320,158,162,248,1925,75,25,189
100772,tgb,-51.067,-26.25,0,plant,179,122,3271,279,67,212,213,1780,13,347,464
100774,tgb,-51.05,-22.733,0,plant,224,125,2631,308,112,196,251,1473,45,138,534
100005,tgb,-80.683,-1.033,0,plant,248,80,803,298,194,104,256,312,99,8,171
100067,tgb,-76.833,5.5,0,plant,260,84,228,309,216,93,259,8065,14,1493,1784
100775,tgb,-51,-30.083,0,plant,194,95,3632,293,96,197,146,1583,10,323,355
100776,tgb,-51,-10.183,0,plant,270,127,611,349,181,168,273,2038,66,26,424
100777,tgb,-51,-10,0,plant,268,129,584,348,179,169,271,2016,65,27,428
100778,tgb,-50.966,1.75,0,plant,264,82,611,329,217,112,258,3225,56,125,146
100779,tgb,-50.9,-29.4,0,plant,162,96,3113,254,71,183,144,2075,9,447,496
100780,tgb,-50.9,-26.85,0,plant,154,119,3281,253,42,211,151,1845,11,381,458
100781,tgb,-50.9,-18.883,0,plant,247,123,1308,324,152,172,254,1886,65,61,414
100783,tgb,-50.8,-1.35,0,plant,267,100,406,329,214,115,262,2743,37,325,325
100787,tgb,-50.75,-1.967,0,plant,267,106,325,331,210,121,264,2680,49,222,222
100788,tgb,-50.733,-11.183,0,plant,278,119,779,349,195,154,284,2099,73,17,407
100068,tgb,-76.816,-1.716,0,plant,241,95,430,298,186,112,238,4139,16,805,1011
100790,tgb,-50.7,-26.933,0,plant,154,117,3262,252,43,209,190,1809,12,373,450
100792,tgb,-50.633,-25.417,0,plant,177,116,3039,269,69,200,209,1634,21,274,460
100793,tgb,-50.617,-25.15,0,plant,180,117,2967,272,72,200,212,1657,20,283,461
100794,tgb,-50.583,-27.3,0,plant,152,111,3202,247,45,202,130,1819,12,374,442
100795,tgb,-50.566,-22.366,0,plant,214,126,2597,298,101,197,240,1448,48,129,542
100796,tgb,-50.533,-22.933,0,plant,223,126,2603,308,112,196,249,1453,41,158,515
100798,tgb,-50.5,-26.183,0,plant,172,126,3349,274,54,220,208,1631,18,298,452
100800,tgb,-50.433,-5.916,0,plant,255,108,305,323,192,131,254,2072,56,90,235
100801,tgb,-50.417,-22.617,0,plant,211,126,2608,296,99,197,237,1489,46,151,546
100803,tgb,-50.25,-11.5,0,plant,277,116,735,349,195,154,281,2155,72,19,421
100069,tgb,-76.8,-1.783,0,plant,243,95,438,300,188,112,239,4078,15,795,992
100805,tgb,-50.2,-17.767,0,plant,250,121,1323,325,150,175,255,1694,68,27,199
100807,tgb,-50.166,-1,0,plant,268,92,446,326,219,107,265,3246,43,280,369
100810,tgb,-50.1,-18.85,0,plant,246,124,1284,323,151,172,253,1784,68,37,387
100811,tgb,-50.067,-21.383,0,plant,223,128,2421,304,108,196,246,1418,60,81,585
100812,tgb,-50.033,-9.45,0,plant,267,128,408,347,182,165,267,2174,62,34,469
100813,tgb,-50,-25.25,0,plant,178,115,2861,269,74,195,209,1653,26,270,518
100814,tgb,-50,-25.166,0,plant,171,114,2782,260,68,192,201,1668,26,272,495
100815,tgb,-50,-3.5,0,plant,270,104,361,332,212,120,267,2687,67,105,127
100817,tgb,-49.967,-23.767,0,plant,202,121,2745,287,92,195,230,1451,33,188,474
100818,tgb,-49.967,-23.5,0,plant,208,122,2653,295,99,196,235,1511,33,190,495
100070,tgb,-76.716,7.616,0,plant,270,90,320,326,221,105,270,3367,43,259,443
100820,tgb,-49.933,-10.567,0,plant,274,120,589,346,189,157,275,2275,68,26,443
100821,tgb,-49.916,-0.983,0,plant,269,90,446,326,222,104,266,3240,49,225,326
100823,tgb,-49.85,-24.5,0,plant,172,124,2999,261,39,222,202,1568,30,230,466
100824,tgb,-49.833,-25.25,0,plant,170,113,2830,259,68,191,200,1672,27,273,525
100825,tgb,-49.833,-24.133,0,plant,187,126,3038,275,52,223,217,1476,35,195,450
100829,tgb,-49.733,-4.183,0,plant,272,103,367,332,215,117,269,2723,68,89,132
100831,tgb,-49.633,-4.066,0,plant,273,104,393,334,216,118,270,2758,69,87,130
100833,tgb,-49.617,-17.05,0,plant,242,119,1487,316,139,177,249,1586,68,20,188
100835,tgb,-49.6,-8.216,0,plant,261,130,317,348,176,172,258,1956,60,37,248
100837,tgb,-49.583,-0.03,0,plant,272,71,668,324,232,92,264,3455,65,70,70
100071,tgb,-76.7,-0.033,0,plant,248,98,473,309,194,115,244,3692,16,699,865
100838,tgb,-49.533,-3.5,0,plant,273,105,356,335,214,121,271,2790,68,96,96
100841,tgb,-49.5,-1,0,plant,270,86,431,323,225,98,267,3010,55,149,244
100842,tgb,-49.483,-15.383,0,plant,244,91,826,311,176,135,245,1874,70,21,62
100845,tgb,-49.417,-19.6,0,plant,237,132,1674,318,127,191,249,1613,68,38,524
100846,tgb,-49.417,-4.55,0,plant,273,101,365,334,216,118,271,2656,70,82,82
100847,tgb,-49.4,-15.7,0,plant,243,92,882,310,172,138,245,1876,69,20,58
100848,tgb,-49.383,-24.1,0,plant,193,123,2873,279,67,212,223,1447,38,181,457
100849,tgb,-49.383,-17.333,0,plant,237,127,1515,314,127,187,244,1525,68,22,178
100851,tgb,-49.333,-20.533,0,plant,232,130,1880,309,118,191,246,1495,69,55,672
100855,tgb,-49.233,-16.916,0,plant,225,119,1501,300,120,180,231,1577,67,24,369
100073,tgb,-76.633,4.95,0,plant,264,87,239,312,217,95,261,6938,14,1352,1546
100857,tgb,-49.217,-25.567,0,plant,171,101,2973,256,71,185,203,1655,29,254,515
100859,tgb,-49.033,-14.567,0,plant,257,91,694,326,191,135,256,1947,74,11,202
100860,tgb,-49.027,-14.317,0,plant,255,93,670,325,188,137,254,2037,74,12,208
100864,tgb,-48.866,-25.466,0,plant,220,91,3118,304,125,179,252,2044,35,258,674
100865,tgb,-48.817,-25.483,0,plant,216,89,3105,300,124,176,249,2100,36,261,695
100867,tgb,-48.755,-16.59,0,plant,219,117,1246,292,123,169,224,1616,65,29,402
100868,tgb,-48.75,-25.5,0,plant,218,85,3095,301,130,171,251,2188,37,265,772
100869,tgb,-48.75,-17.8,0,plant,231,140,1442,316,111,205,239,1545,72,24,329
100870,tgb,-48.733,-28.25,0,plant,203,66,2984,277,126,151,237,1565,23,249,478
100871,tgb,-48.733,-25.333,0,plant,221,88,3148,304,129,175,254,2115,36,262,700
100074,tgb,-76.583,-7.75,0,plant,249,153,501,333,154,179,253,2599,23,366,708
100872,tgb,-48.667,-27.583,0,plant,202,73,3022,280,121,159,235,1713,32,242,562
100874,tgb,-48.65,-26.283,0,plant,212,77,2807,288,131,157,245,2029,34,264,718
100875,tgb,-48.6,-16.7,0,plant,221,125,1302,298,119,179,228,1600,64,31,408
100876,tgb,-48.583,-22.183,0,plant,210,119,2350,290,104,186,234,1481,62,89,627
100877,tgb,-48.583,-20.667,0,plant,228,123,1791,299,119,180,242,1559,69,56,620
100879,tgb,-48.417,-1.667,0,plant,267,99,256,324,214,110,265,2706,47,267,267
100881,tgb,-48.383,-25.3,0,plant,222,78,3085,302,136,166,256,2477,40,279,907
100882,tgb,-48.383,-14.3,0,plant,233,90,700,302,167,135,232,2066,71,16,230
100883,tgb,-48.283,-18.95,0,plant,216,122,1797,290,111,179,230,1709,71,29,743
100884,tgb,-48.267,-18.067,0,plant,235,130,1425,314,124,190,244,1678,73,28,356
100075,tgb,-76.533,-8.166,0,plant,267,151,457,352,174,178,271,2782,26,375,810
100885,tgb,-48.25,-15.25,0,plant,238,93,773,304,169,135,239,1695,70,22,194
100887,tgb,-48.25,-2,0,plant,267,104,207,326,210,116,266,2678,52,251,251
100888,tgb,-48.25,-0.917,0,plant,270,81,462,321,227,94,265,2935,63,130,130
100889,tgb,-48.2,-13.533,0,plant,259,104,721,336,182,154,260,1816,72,12,197
100890,tgb,-48.2,-7.2,0,plant,256,112,407,333,184,149,253,2052,59,62,104
100891,tgb,-48.15,-17.72,0,plant,237,147,1357,327,112,215,244,1685,72,37,355
100892,tgb,-48.133,-21.767,0,plant,206,114,2110,281,103,178,226,1592,64,78,610
100893,tgb,-48.133,-7.266,0,plant,258,111,432,336,186,150,255,2067,60,58,102
100894,tgb,-48,-17,0,plant,224,143,1346,305,105,200,231,1607,64,44,378
100895,tgb,-48,-15,0,plant,233,92,797,299,164,135,233,1742,71,18,200
100077,tgb,-76.5,7.25,0,plant,269,100,351,331,213,118,266,3885,40,341,543
100899,tgb,-47.95,-16.267,0,plant,213,129,1294,292,109,183,220,1709,67,29,404
100903,tgb,-47.9,-18.2,0,plant,228,114,1443,296,132,164,238,1723,72,28,757
100904,tgb,-47.884,-15.972,0,plant,205,117,1091,276,113,163,210,1844,68,28,432
100906,tgb,-47.85,-15.75,0,plant,215,110,1017,282,129,153,219,1801,68,24,419
100907,tgb,-47.833,-15.8,0,plant,214,112,1017,282,127,155,219,1810,69,24,422
100908,tgb,-47.816,-6.816,0,plant,246,112,327,323,170,153,244,1947,60,60,207
100909,tgb,-47.789,-22.164,0,plant,198,109,2215,272,98,174,219,1584,63,83,608
100912,tgb,-47.7,-11.7,0,plant,236,127,710,328,141,187,235,1880,73,14,180
100914,tgb,-47.608,-22.866,0,plant,200,116,2404,279,94,185,223,1447,61,91,551
100917,tgb,-47.583,-15.583,0,plant,210,108,1014,279,124,155,213,1737,69,18,193
100079,tgb,-76.416,-2.75,0,plant,251,96,467,308,196,112,247,2890,13,589,589
100918,tgb,-47.567,-15.2,0,plant,209,98,912,277,133,144,211,1781,70,18,205
100919,tgb,-47.55,-21.5,0,plant,211,124,2048,286,102,184,229,1652,65,73,624
100922,tgb,-47.516,-15.8,0,plant,215,116,1118,286,121,165,220,1729,70,19,400
100925,tgb,-47.467,-5.533,0,plant,264,120,351,345,180,165,262,1686,68,38,231
100929,tgb,-47.433,-1.75,0,plant,264,103,300,328,206,122,260,2532,52,185,212
100931,tgb,-47.417,-21.983,0,plant,210,118,2227,286,103,183,231,1512,65,69,589
100934,tgb,-47.3,-21.25,0,plant,205,117,1901,272,102,170,221,1715,66,64,655
100938,tgb,-47.117,-1.133,0,plant,261,97,441,328,207,121,256,2739,63,82,122
100939,tgb,-47.116,-22.183,0,plant,206,120,2304,281,95,186,228,1546,65,76,606
100941,tgb,-47.066,-22.183,0,plant,205,120,2284,281,94,187,227,1566,64,78,613
100006,tgb,-80.583,-1.35,0,plant,236,88,915,291,176,115,246,692,86,20,364
100080,tgb,-76.366,-0.533,0,plant,247,95,456,304,193,111,244,3283,14,635,765
100943,tgb,-46.917,-12.917,0,plant,235,110,719,311,156,155,233,1814,74,13,168
100944,tgb,-46.883,-16.533,0,plant,231,131,1408,308,122,186,238,1520,70,26,542
100945,tgb,-46.85,-23.65,0,plant,181,96,2302,255,92,163,205,1855,48,161,661
100946,tgb,-46.85,-20.35,0,plant,213,116,1897,279,106,173,227,1711,69,48,603
100947,tgb,-46.85,-13.3,0,plant,253,107,737,326,176,150,252,1652,74,10,163
100948,tgb,-46.833,-23.717,0,plant,180,93,2293,253,94,159,205,1986,46,180,696
100949,tgb,-46.833,-19.617,0,plant,200,118,1747,272,98,174,213,1871,67,55,656
100951,tgb,-46.733,-23.45,0,plant,179,102,2283,255,87,168,203,1614,54,122,602
100952,tgb,-46.683,-19.1,0,plant,201,115,1540,273,105,168,210,1815,70,40,656
100953,tgb,-46.65,-23.417,0,plant,170,101,2254,244,78,166,194,1615,55,120,604
100084,tgb,-76.333,-2.333,0,plant,248,96,453,304,191,113,244,3282,15,644,644
100954,tgb,-46.6,-22.767,0,plant,181,118,2234,255,73,182,203,1701,59,112,642
100955,tgb,-46.55,-21.8,0,plant,176,120,2194,249,65,184,196,1892,64,80,714
100957,tgb,-46.516,-5.916,0,plant,255,128,500,340,160,180,254,1497,67,34,215
100960,tgb,-46.45,-23.667,0,plant,178,86,2306,248,95,153,203,2206,44,203,771
100961,tgb,-46.433,-23.883,0,plant,220,77,2408,289,141,148,248,2833,36,298,946
100962,tgb,-46.422,-19.684,0,plant,198,132,1962,276,79,197,212,1760,70,41,630
100965,tgb,-46.317,-21.6,0,plant,200,123,2168,275,88,187,219,1845,64,75,680
100966,tgb,-46.317,-14.05,0,plant,242,114,790,312,155,157,242,1628,71,17,176
100967,tgb,-46.317,-13.417,0,plant,248,111,746,321,169,152,247,1529,73,9,150
100969,tgb,-46.183,-17.733,0,plant,228,124,1198,303,134,169,233,1619,78,18,590
100085,tgb,-76.333,-0.3,0,plant,250,96,434,307,196,111,247,3322,15,630,766
100970,tgb,-46.166,-21.466,0,plant,203,126,2155,279,90,189,222,1807,64,73,658
100971,tgb,-46.166,-21.366,0,plant,206,126,2160,282,93,189,225,1793,65,70,652
100973,tgb,-46.1,-1.217,0,plant,264,84,539,320,212,108,257,2573,71,32,32
100975,tgb,-46.083,-3.75,0,plant,271,101,416,334,212,122,268,1971,68,99,121
100976,tgb,-46.083,-3.116,0,plant,269,100,363,333,213,120,267,2215,62,139,139
100977,tgb,-46,-1.217,0,plant,264,82,555,320,212,108,257,2591,72,29,29
100978,tgb,-45.967,-21.467,0,plant,206,129,2206,286,90,196,225,1761,64,74,635
100981,tgb,-45.933,-7.316,0,plant,260,114,697,342,182,160,256,1392,69,16,119
100983,tgb,-45.883,-21.65,0,plant,208,130,2214,290,91,199,227,1730,63,75,623
100985,tgb,-45.833,-3.666,0,plant,272,101,432,337,214,123,270,2018,69,95,119
100091,tgb,-76.216,-5.983,0,plant,264,106,323,325,203,122,264,2319,24,321,592
100986,tgb,-45.767,-21.233,0,plant,205,131,2230,287,89,198,225,1703,65,66,611
100988,tgb,-45.6,-23,0,plant,200,104,2325,272,97,175,223,1715,62,97,677
100989,tgb,-45.5,-3.5,0,plant,273,100,453,337,215,122,270,2043,71,88,113
100990,tgb,-45.25,-21.733,0,plant,200,136,2262,283,80,203,220,1634,67,58,604
100991,tgb,-45.25,-3.5,0,plant,274,99,468,338,216,122,271,2005,70,90,110
100992,tgb,-45.183,-22.6,0,plant,197,122,2352,276,82,194,220,1778,64,81,702
100993,tgb,-45.116,-7.433,0,plant,264,110,846,341,190,151,260,1167,69,8,90
100994,tgb,-45.083,-7.183,0,plant,269,111,864,346,194,152,265,1185,67,15,95
100995,tgb,-45.083,-2.517,0,plant,272,88,358,328,226,102,269,2155,68,44,44
100996,tgb,-45.067,-16.5,0,plant,235,153,1707,330,110,220,245,1244,79,11,531
100093,tgb,-76.216,-0.416,0,plant,250,95,440,306,196,110,247,3201,15,598,725
100997,tgb,-45.066,-7.4,0,plant,262,110,872,338,188,150,257,1173,69,8,91
100998,tgb,-45.066,-7.333,0,plant,264,110,856,340,190,150,260,1174,68,10,93
100999,tgb,-45.017,-21.9,0,plant,198,139,2288,282,75,207,219,1741,67,62,650
101001,tgb,-45,-12.39,0,plant,242,140,890,335,141,194,243,1362,73,2,320
101005,tgb,-44.9,-21.983,0,plant,194,138,2286,276,69,207,215,1796,67,64,678
101006,tgb,-44.867,-18.767,0,plant,231,133,1803,309,117,192,243,1396,77,15,501
101007,tgb,-44.867,-15.75,0,plant,237,152,1654,336,114,222,247,1101,81,5,269
101010,tgb,-44.667,-3.267,0,plant,273,95,431,335,218,117,270,1788,65,97,103
101013,tgb,-44.633,-20.55,0,plant,207,126,1913,285,103,182,221,1681,74,36,615
101014,tgb,-44.567,-4.533,0,plant,273,104,770,344,206,138,269,1778,78,44,58
100094,tgb,-76.216,-0.05,0,plant,251,96,423,308,198,110,248,3388,17,609,766
101015,tgb,-44.5,-7.233,0,plant,267,108,934,345,194,151,263,1228,68,11,94
101017,tgb,-44.466,-5.25,0,plant,270,106,892,344,198,146,265,1481,75,43,67
101018,tgb,-44.45,-18.75,0,plant,225,133,1956,305,112,193,239,1395,77,16,505
101020,tgb,-44.35,-19.117,0,plant,214,130,1792,292,101,191,227,1445,75,23,510
101021,tgb,-44.333,-3.4,0,plant,272,94,500,334,217,117,269,1916,69,83,100
101024,tgb,-44.25,-8.9,0,plant,270,119,833,354,196,158,264,1184,72,4,85
101026,tgb,-44.2,-13.4,0,plant,249,129,1027,333,157,176,253,984,80,0,240
101027,tgb,-44.183,-21.117,0,plant,202,120,2013,281,100,181,217,1734,70,47,637
101028,tgb,-44.033,-12.65,0,plant,241,138,1005,332,142,190,244,999,75,2,244
101029,tgb,-43.967,-23.067,0,plant,216,94,2108,292,134,158,239,1554,43,137,518
100095,tgb,-76.216,0.416,0,plant,252,96,554,310,198,112,248,3998,20,676,879
101032,tgb,-43.85,-4.467,0,plant,274,106,827,349,206,143,269,1646,76,49,52
101033,tgb,-43.783,-22.867,0,plant,236,98,2127,314,151,163,259,1515,45,122,521
101034,tgb,-43.783,-21.217,0,plant,189,109,1994,265,97,168,204,1773,68,57,651
101036,tgb,-43.767,-19.9,0,plant,204,110,1905,277,109,168,218,1682,76,32,601
101037,tgb,-43.767,-6.167,0,plant,264,106,993,343,195,148,257,1393,68,32,91
101038,tgb,-43.733,-18.45,0,plant,199,112,1901,284,104,180,213,1624,75,24,570
101039,tgb,-43.733,-6.483,0,plant,260,105,988,339,192,147,255,1370,68,28,197
101040,tgb,-43.617,-19.9,0,plant,189,108,1924,261,95,166,203,1692,74,34,601
101043,tgb,-43.53,-21.63,0,plant,200,105,2071,277,108,169,220,1800,68,57,682
101045,tgb,-43.5,-13.3,0,plant,254,130,945,334,163,171,257,1059,81,0,247
100098,tgb,-76.166,-2.75,0,plant,249,97,456,305,192,113,244,2845,13,577,577
101046,tgb,-43.483,-19.833,0,plant,209,111,1983,284,112,172,224,1664,74,32,587
101048,tgb,-43.45,-19.216,0,plant,196,122,1992,276,90,186,211,1852,73,33,623
101049,tgb,-43.4,-13.216,0,plant,254,131,946,336,163,173,258,1033,80,0,238
101052,tgb,-43.333,-22.916,0,plant,223,82,2081,293,149,144,248,1519,35,164,491
101053,tgb,-43.317,-21.517,0,plant,219,111,2149,298,121,177,239,1769,69,57,664
101054,tgb,-43.3,-22.966,0,plant,201,78,2049,268,130,138,226,1457,33,166,460
101057,tgb,-43.266,-22.966,0,plant,205,76,2045,271,135,136,230,1435,33,164,453
101058,tgb,-43.25,-22.867,0,plant,234,82,2116,304,159,145,260,1521,36,162,495
101061,tgb,-43.233,-22.9,0,plant,233,80,2101,302,159,143,259,1471,35,160,474
101063,tgb,-43.217,-22.717,0,plant,234,89,2186,310,153,157,258,1769,41,167,600
100099,tgb,-76.166,-2.416,0,plant,250,97,450,306,193,113,246,3147,14,618,618
101065,tgb,-43.2,-22.967,0,plant,225,76,2065,291,155,136,250,1359,31,159,425
101066,tgb,-43.2,-22.933,0,plant,228,77,2081,295,156,139,253,1407,33,159,446
101067,tgb,-43.183,-13.116,0,plant,252,131,946,335,161,174,255,976,79,1,223
101069,tgb,-43.1,-22.9,0,plant,231,79,2100,298,158,140,256,1367,33,154,434
101071,tgb,-43.033,-22.767,0,plant,226,84,2173,297,148,149,250,1522,39,151,504
101073,tgb,-42.95,-22.167,0,plant,206,111,2348,290,105,185,230,1872,62,90,687
101074,tgb,-42.9,-20.417,0,plant,219,118,2197,303,113,190,236,1414,69,45,474
101076,tgb,-42.883,-8.183,0,plant,269,138,808,355,180,175,270,936,74,6,146
101077,tgb,-42.85,-21.333,0,plant,230,121,2268,316,125,191,247,1545,68,52,553
101081,tgb,-42.7,-14.9,0,plant,238,111,1191,306,157,149,244,930,82,1,323
100100,tgb,-76.166,-0.1,0,plant,252,95,429,308,198,110,249,3318,17,595,742
101082,tgb,-42.7,-10.833,0,plant,258,140,987,345,159,186,263,739,79,1,123
101085,tgb,-42.616,-19.75,0,plant,233,119,2073,317,128,189,248,1420,70,42,477
101086,tgb,-42.6,-19.766,0,plant,233,120,2066,317,129,188,249,1416,69,42,476
101087,tgb,-42.583,-21.667,0,plant,220,123,2262,309,115,194,242,1536,66,58,548
101091,tgb,-42.4,-17.983,0,plant,231,121,1837,314,133,181,244,1290,73,33,419
101093,tgb,-42.383,-21.133,0,plant,229,128,2306,323,117,206,246,1479,66,57,506
101095,tgb,-42.367,-21.967,0,plant,212,114,2234,298,114,184,234,1633,62,74,586
101097,tgb,-42.25,-14.133,0,plant,231,111,1261,303,147,156,239,846,78,8,367
101098,tgb,-42.183,-4.3,0,plant,271,117,928,355,194,161,262,1811,82,40,62
101099,tgb,-42.167,-22.833,0,plant,228,69,1802,287,165,122,239,1029,33,118,278
100007,tgb,-80.259,-3.841,0,plant,240,114,829,309,170,139,250,911,90,9,501
100101,tgb,-76.166,-0.066,0,plant,252,95,429,308,198,110,249,3341,17,596,747
101100,tgb,-42.133,-20.166,0,plant,199,126,2045,283,89,194,214,1466,66,60,491
101103,tgb,-42.05,-22,0,plant,195,102,2190,272,101,171,211,1562,54,99,517
101107,tgb,-41.833,-14.5,0,plant,230,115,1401,308,142,166,239,715,79,6,238
101108,tgb,-41.833,-13.216,0,plant,187,120,1133,269,99,170,194,1053,63,45,393
101110,tgb,-41.767,-2.967,0,plant,273,97,535,333,216,117,267,1322,90,8,11
101115,tgb,-41.567,-3.483,0,plant,264,105,629,330,201,129,256,1227,87,16,58
101116,tgb,-41.55,-12.45,0,plant,217,116,1214,292,134,158,225,999,54,61,334
101118,tgb,-41.517,-17.867,0,plant,234,118,1668,318,143,175,247,1253,64,62,380
101119,tgb,-41.383,-10.266,0,plant,226,120,1177,301,142,159,235,728,76,4,249
101122,tgb,-41.333,-12.567,0,plant,239,115,1275,313,157,156,247,1115,48,82,360
100102,tgb,-76.166,0,0,plant,251,94,524,309,197,112,247,3494,18,611,769
101123,tgb,-41.3,-13.583,0,plant,201,114,1227,274,117,157,210,841,57,51,266
101124,tgb,-41.283,-13.416,0,plant,206,117,1203,281,121,160,214,905,54,63,284
101125,tgb,-41.233,-20.55,0,plant,234,115,1932,319,142,177,248,1292,54,92,370
101126,tgb,-41.2,-16.133,0,plant,216,108,1732,290,127,163,228,1004,68,51,297
101127,tgb,-41.166,-13.5,0,plant,227,115,1271,299,142,157,236,824,57,50,264
101129,tgb,-41.083,-3.567,0,plant,251,114,744,325,181,144,244,1254,94,8,50
101130,tgb,-41.067,-21.65,0,plant,232,86,1896,300,153,147,244,1119,41,97,312
101131,tgb,-40.983,-21.283,0,plant,237,85,1813,303,161,142,250,1083,43,97,279
101132,tgb,-40.9,-3.867,0,plant,223,113,745,298,157,141,216,1385,92,13,60
101133,tgb,-40.883,-2.933,0,plant,279,112,669,351,213,138,273,1202,101,0,25
100103,tgb,-76.166,0.9,0,plant,256,97,566,314,199,115,248,4658,24,751,830
101134,tgb,-40.867,-4.05,0,plant,221,111,738,295,154,141,214,1291,92,12,60
101135,tgb,-40.767,-4.167,0,plant,221,110,727,295,156,139,215,1187,93,10,54
101136,tgb,-40.75,-14.9,0,plant,202,97,1465,268,124,144,213,840,55,67,249
101138,tgb,-40.633,-3.55,0,plant,271,118,790,348,202,146,263,1298,96,6,40
101139,tgb,-40.617,-19.583,0,plant,244,104,1696,321,162,159,256,1324,56,99,380
101141,tgb,-40.6,-19.933,0,plant,215,95,1741,288,138,150,227,1319,51,123,353
101142,tgb,-40.583,-4.133,0,plant,266,114,748,341,199,142,260,1085,97,4,40
101144,tgb,-40.55,-19.5,0,plant,245,103,1678,321,164,157,257,1320,55,101,377
101145,tgb,-40.517,-20.65,0,plant,247,78,1768,313,180,133,259,1156,39,145,265
101146,tgb,-40.5,-9.367,0,plant,248,132,1465,329,154,175,260,512,81,5,204
100105,tgb,-76.15,-0.916,0,plant,249,95,468,303,193,110,246,3155,16,584,720
101149,tgb,-40.45,-13.433,0,plant,193,80,1360,251,132,119,203,765,49,62,253
101150,tgb,-40.416,-7.166,0,plant,242,107,997,315,172,143,239,732,86,7,94
101151,tgb,-40.4,-19.967,0,plant,248,89,1790,319,175,144,261,1273,46,138,323
101154,tgb,-40.3,-14.2,0,plant,209,82,1349,266,143,123,218,736,49,66,221
101155,tgb,-40.3,-4.833,0,plant,252,102,678,317,189,128,249,765,101,6,95
101156,tgb,-40.167,-7.133,0,plant,242,104,1036,313,172,141,239,751,86,11,87
101157,tgb,-40.117,-7.65,0,plant,243,111,1167,317,167,150,245,844,78,24,207
101158,tgb,-40.117,-6.633,0,plant,254,103,995,324,188,136,248,634,91,12,54
101159,tgb,-40.116,-19.366,0,plant,245,92,1709,315,169,146,256,1345,47,133,361
101161,tgb,-40.083,-7.166,0,plant,239,103,1047,310,170,140,236,799,85,12,92
100106,tgb,-76.136,-0.653,0,plant,249,95,467,305,194,111,246,3123,15,580,704
101165,tgb,-39.933,-13.517,0,plant,201,74,1286,256,144,112,210,932,20,154,254
101168,tgb,-39.717,-14.117,0,plant,236,68,1214,288,182,106,244,1343,18,233,327
101169,tgb,-39.7,-15.38,0,plant,226,80,1349,284,161,123,235,1055,31,158,267
101171,tgb,-39.683,-14.85,0,plant,235,75,1232,290,173,117,243,1187,25,191,312
101176,tgb,-39.466,-15.333,0,plant,229,75,1237,283,167,116,237,1272,21,217,326
101177,tgb,-39.43,-11.187,0,plant,237,112,1651,317,162,155,249,582,37,56,185
101178,tgb,-39.42,-13.15,0,plant,231,65,1368,282,179,103,242,1272,18,203,333
101179,tgb,-39.4,-16.9,0,plant,242,83,1367,302,179,123,245,1328,15,265,297
101180,tgb,-39.383,-11.233,0,plant,236,111,1638,314,161,153,247,591,36,57,189
101182,tgb,-39.333,-4.4,0,plant,258,92,590,318,200,118,258,903,90,9,96
100111,tgb,-76,-0.3,0,plant,252,95,445,307,199,108,249,3098,17,547,607
101183,tgb,-39.3,-17.3,0,plant,247,79,1381,306,186,120,250,1179,22,224,224
101184,tgb,-39.3,-14.8,0,plant,242,67,1034,292,186,106,250,1549,16,277,395
101186,tgb,-39.25,-7.416,0,plant,221,103,1128,291,147,144,220,1098,80,28,137
101187,tgb,-39.233,-17.517,0,plant,246,75,1413,305,187,118,249,1301,23,230,230
101188,tgb,-39.166,-15.916,0,plant,239,74,1212,291,179,112,244,1496,14,301,313
101190,tgb,-39.1,-13.367,0,plant,244,63,1219,293,195,98,238,2036,21,360,458
101191,tgb,-39.083,-8.067,0,plant,242,107,1455,318,165,153,248,675,84,15,163
101192,tgb,-39.05,-14.983,0,plant,242,65,988,290,187,103,249,1875,11,359,468
101193,tgb,-39.033,-5.033,0,plant,267,112,646,337,201,136,261,826,90,7,88
101196,tgb,-38.967,-15.733,0,plant,242,73,1196,293,183,110,225,1724,12,349,368
100113,tgb,-75.916,-1.683,0,plant,251,96,478,306,194,112,244,3116,16,570,616
101198,tgb,-38.933,-4.217,0,plant,219,81,537,273,165,108,218,1278,79,40,151
101199,tgb,-38.833,-4.333,0,plant,255,87,565,311,197,114,253,1196,83,31,137
101200,tgb,-38.75,-3.917,0,plant,247,75,554,292,198,94,245,1289,84,32,140
101201,tgb,-38.75,-3.733,0,plant,260,72,555,302,211,91,258,1290,87,24,132
101202,tgb,-38.65,-4,0,plant,232,74,538,277,183,94,230,1340,83,39,147
101204,tgb,-38.517,-4.117,0,plant,259,80,553,307,207,100,257,1246,86,33,133
101205,tgb,-38.5,-3.75,0,plant,261,68,552,300,214,86,259,1525,83,40,156
101206,tgb,-38.4,-9.15,0,plant,247,106,1774,325,171,154,259,487,60,23,148
101207,tgb,-38.083,-7.8,0,plant,209,96,1500,279,138,141,217,906,74,30,165
101209,tgb,-37,-8.383,0,plant,211,98,1614,282,140,142,220,642,60,45,94
100114,tgb,-75.916,6.616,0,plant,212,109,363,277,151,126,207,1863,40,217,368
101210,tgb,-36.96,-10.71,0,plant,256,68,1191,306,204,102,252,1430,62,114,218
101211,tgb,-36.817,-7.2,0,plant,232,89,1288,296,171,125,241,542,99,7,144
101212,tgb,-36.667,-9.75,0,plant,241,91,1614,308,175,133,223,830,65,61,121
101215,tgb,-35.695,-8.494,0,plant,208,80,1222,266,151,115,195,1285,56,98,249
101216,tgb,-35.6,-7.667,0,plant,227,93,1285,294,163,131,213,935,56,65,204
101217,tgb,-35.417,-5.633,0,plant,259,89,1065,315,196,119,255,1118,67,39,282
101218,tgb,-35.283,-7.483,0,plant,250,98,1224,317,184,133,236,1197,56,83,254
101219,tgb,-35.25,-5.767,0,plant,261,87,1062,317,199,118,257,1418,65,58,335
101220,tgb,-35.117,-6.833,0,plant,257,89,1166,316,192,124,252,1399,57,84,312
101221,tgb,-35,-8.267,0,plant,252,59,1013,292,205,87,241,1976,55,151,393
100115,tgb,-75.9,-0.266,0,plant,254,95,441,309,201,108,248,3047,19,523,582
101222,tgb,-35,-8.083,0,plant,253,66,1052,298,203,95,242,1707,58,123,338
100003,tgb,-80.733,-1.516,0,plant,234,76,1068,285,179,106,246,473,80,27,242
100008,tgb,-80.133,-2.166,0,plant,249,98,1044,311,184,127,260,818,103,2,472
100028,tgb,-78.5,-4.5,0,plant,233,111,482,304,170,134,234,3022,13,588,628
100033,tgb,-77.883,1.1,0,plant,136,87,161,182,90,92,136,2479,22,378,676
100035,tgb,-77.666,-3.833,0,plant,264,98,520,326,207,119,263,3258,10,663,732
100036,tgb,-77.6,-2.783,0,plant,260,103,584,324,203,121,256,3053,13,587,652
100037,tgb,-77.6,-0.716,0,plant,200,90,452,254,150,104,198,3737,23,644,769
100038,tgb,-77.5,-1.5,0,plant,232,94,425,287,178,109,230,5382,15,1046,1292
100048,tgb,-77.2,4.25,0,plant,257,67,308,298,220,78,254,7735,25,1144,1572
100116,tgb,-75.856,-0.13,0,plant,255,95,455,309,202,107,248,3089,20,517,578
100061,tgb,-76.916,-2.833,0,plant,254,97,509,313,199,114,249,2903,11,600,669
100062,tgb,-76.916,-1.25,0,plant,236,93,425,291,182,109,234,4156,18,786,1036
100076,tgb,-76.5,-0.633,0,plant,247,95,439,303,193,110,244,3372,15,662,802
100081,tgb,-76.35,-0.25,0,plant,249,96,439,307,195,112,246,3355,15,634,775
100086,tgb,-76.3,-6.266,0,plant,261,122,416,327,188,139,261,1955,23,284,481
100087,tgb,-76.25,-2.916,0,plant,250,96,465,306,194,112,246,2673,12,554,554
100092,tgb,-76.216,-0.95,0,plant,248,95,472,302,192,110,244,3217,16,602,743
100096,tgb,-76.216,4.166,0,plant,234,104,289,291,179,112,230,1318,35,196,347
100097,tgb,-76.183,-0.916,0,plant,248,95,470,303,194,109,245,3183,16,593,730
100104,tgb,-76.166,8.083,0,plant,269,95,281,326,218,108,268,1956,47,152,274
100010,tgb,-79.966,-2.166,0,plant,238,95,926,297,176,121,247,1009,102,1,571
100117,tgb,-75.833,-6.033,0,plant,264,114,406,332,197,135,265,2351,25,323,560
100108,tgb,-76.133,-5.833,0,plant,268,101,315,326,211,115,266,2340,23,331,604
100110,tgb,-76.083,-0.866,0,plant,249,95,480,303,194,109,246,3099,16,568,626
100112,tgb,-75.916,-6.016,0,plant,267,113,402,333,201,132,267,2335,25,322,558
100127,tgb,-75.55,7.9,0,plant,274,100,398,339,219,120,271,2294,59,124,284
100129,tgb,-75.5,9.5,0,plant,276,101,486,341,211,130,272,1255,64,45,242
100136,tgb,-75.4,10.6,0,plant,274,83,467,321,220,101,275,1017,84,6,257
100137,tgb,-75.366,7.666,0,plant,275,104,419,340,216,124,274,3290,51,211,420
100143,tgb,-75.283,-10.9,0,plant,240,121,631,308,157,151,242,1988,42,178,510
100146,tgb,-75.25,10.766,0,plant,278,82,526,324,224,100,279,1006,88,5,290
100155,tgb,-75.083,-10.5,0,plant,234,122,471,302,154,148,235,2772,42,266,579
100119,tgb,-75.833,-2.5,0,plant,252,98,457,309,194,115,246,2951,13,583,583
100157,tgb,-75.083,-7.333,0,plant,266,127,601,342,185,157,265,1902,26,258,487
100158,tgb,-75.033,-8.75,0,plant,260,117,443,331,188,143,263,3059,33,352,745
100160,tgb,-75,-8.683,0,plant,260,117,463,331,187,144,264,2883,32,335,837
100169,tgb,-74.833,7,0,plant,252,98,429,306,191,115,248,3550,45,332,895
100172,tgb,-74.8,6.1,0,plant,264,98,371,318,210,108,261,3403,36,456,981
100173,tgb,-74.783,6.05,0,plant,265,97,369,319,213,106,261,3433,36,475,991
100181,tgb,-74.616,-9.033,0,plant,259,112,426,327,188,139,262,2003,36,214,539
100184,tgb,-74.5,-5.083,0,plant,270,104,393,330,206,124,268,2477,20,375,555
100207,tgb,-73.5,-4.5,0,plant,265,98,415,325,207,118,266,2812,20,443,656
100226,tgb,-73.05,-3.5,0,plant,264,99,425,319,203,116,262,3161,15,572,725
100120,tgb,-75.783,7.216,0,plant,211,103,369,275,151,124,209,2844,46,240,440
100233,tgb,-72.833,-4.166,0,plant,261,93,442,317,205,112,260,2867,20,457,651
100238,tgb,-72.833,1.116,0,plant,254,90,825,318,196,122,247,2641,46,251,262
100240,tgb,-72.8,-3.466,0,plant,263,97,439,317,204,113,262,3116,17,541,694
100248,tgb,-72.6,-13.133,0,plant,207,149,638,298,113,185,206,1467,62,68,379
100250,tgb,-72.5,-4.333,0,plant,259,93,421,314,203,111,259,2785,22,425,623
100264,tgb,-71.383,-11.883,0,plant,251,108,467,320,182,138,250,3010,34,340,526
100266,tgb,-71.3,-12.583,0,plant,241,107,573,305,172,133,242,3024,35,366,745
100267,tgb,-71.199,-8.345,0,plant,259,105,524,320,186,134,261,2340,44,176,651
100271,tgb,-70.833,-11,0,plant,242,108,519,311,165,146,243,2514,43,193,752
100274,tgb,-70.75,-13.216,0,plant,223,100,847,285,156,129,228,5665,42,682,1401
100121,tgb,-75.75,-5.416,0,plant,267,96,323,326,213,113,265,2215,22,350,519
100286,tgb,-69.567,-13.134,0,plant,255,108,1059,322,179,143,261,4131,45,410,1087
100306,tgb,-69,-9.333,0,plant,247,124,760,316,159,157,252,2263,51,113,636
100310,tgb,-68.683,-9.083,0,plant,248,127,790,317,158,159,253,2312,48,137,767
100338,tgb,-67.716,-16.433,0,plant,173,135,1408,259,69,190,184,1082,60,50,399
100349,tgb,-67.266,1.783,0,plant,263,122,416,332,198,134,256,3620,24,626,678
100353,tgb,-67.25,0.33,0,plant,264,93,379,317,213,104,260,3174,17,565,622
100356,tgb,-67.05,-15.316,0,plant,216,102,1351,285,130,155,225,2228,45,210,603
100363,tgb,-66.466,-14.75,0,plant,253,108,1577,326,159,167,263,2010,50,168,500
100373,tgb,-66.133,-11,0,plant,267,114,762,343,179,164,269,1928,58,72,383
100376,tgb,-66.1,-10.566,0,plant,266,110,669,340,185,155,268,2036,57,69,416
100122,tgb,-75.75,4.583,0,plant,211,106,330,271,154,117,205,2166,29,349,550
100385,tgb,-65.916,-10.25,0,plant,263,107,612,335,188,147,264,2000,58,56,421
100393,tgb,-65.55,-1.8,0,plant,260,93,333,312,208,104,255,3066,19,539,555
100396,tgb,-65.333,-9.683,0,plant,264,104,606,333,196,137,262,1914,57,67,233
100401,tgb,-65,-10.5,0,plant,263,106,689,339,189,150,259,1917,56,62,387
100405,tgb,-64.866,-14.733,0,plant,259,114,1500,337,163,174,270,2152,53,139,582
100411,tgb,-64.767,-3.133,0,plant,270,90,298,324,218,106,267,3039,23,444,508
100415,tgb,-64.483,-22.366,0,plant,214,150,3924,323,58,265,253,1459,72,32,660
100419,tgb,-64.416,-15.333,0,plant,257,107,1705,329,161,168,270,2494,50,207,668
100431,tgb,-63.866,-17.233,0,plant,247,105,2083,318,153,165,267,2098,51,197,817
100437,tgb,-63.7,-17.533,0,plant,246,106,2129,317,151,166,265,1642,49,170,627
100123,tgb,-75.75,4.783,0,plant,213,104,325,271,156,115,208,2256,26,408,549
100450,tgb,-63.533,-17.751,0,plant,243,105,2171,316,150,166,262,1387,43,148,470
100454,tgb,-63.466,-8.75,0,plant,261,102,572,329,187,142,259,2539,56,94,483
100461,tgb,-63.283,0.816,0,plant,226,95,376,281,174,107,220,2239,44,268,389
100471,tgb,-63.183,3.55,0,plant,254,108,338,315,195,120,249,2327,31,388,470
100473,tgb,-63.166,-7.516,0,plant,263,103,506,336,193,143,260,2493,51,126,294
100474,tgb,-63.15,-17.7,0,plant,244,106,2192,320,153,167,263,1375,46,153,515
100475,tgb,-63.116,-9.166,0,plant,257,105,586,329,180,149,255,2634,59,78,488
100478,tgb,-63.066,-16.2,0,plant,251,109,1870,324,158,166,266,1382,52,119,364
100484,tgb,-62.9,-17.745,0,plant,246,119,2088,328,153,175,265,1180,49,131,461
100492,tgb,-62.25,-7.833,0,plant,261,104,535,336,186,150,257,2744,49,146,327
100124,tgb,-75.733,-1.05,0,plant,253,95,538,307,196,111,245,2899,19,496,542
100495,tgb,-61.983,-10.083,0,plant,249,122,513,337,158,179,249,2049,68,26,162
100520,tgb,-61.25,-1.416,0,plant,272,91,367,326,220,106,268,2433,33,366,366
100521,tgb,-61.242,-15.246,0,plant,241,146,1491,335,125,210,251,1617,64,52,320
100526,tgb,-61.159,-14.664,0,plant,243,143,1278,333,131,202,250,1981,68,49,396
100528,tgb,-61.15,-14.7,0,plant,244,143,1278,334,131,203,251,1954,68,49,390
100530,tgb,-61.15,-0.5,0,plant,274,94,347,327,219,108,269,2175,35,344,362
100532,tgb,-61.144,-14.405,0,plant,241,141,1155,331,133,198,248,2182,70,47,440
100533,tgb,-61.143,-14.75,0,plant,244,143,1299,335,131,204,252,1920,67,49,382
100536,tgb,-61.058,-13.55,0,plant,236,136,782,322,135,187,240,2658,70,46,550
100537,tgb,-61.048,-14.762,0,plant,243,144,1315,335,130,205,251,1911,67,49,380
100125,tgb,-75.583,-10.083,0,plant,187,141,620,265,94,171,189,1847,45,147,536
100539,tgb,-61.035,-14.766,0,plant,243,144,1292,334,130,204,251,1913,67,49,380
100540,tgb,-61.034,-14.755,0,plant,243,144,1300,334,130,204,250,1918,68,49,380
100543,tgb,-61.025,-14.755,0,plant,243,144,1289,334,130,204,250,1918,68,49,380
100565,tgb,-60.818,-13.655,0,plant,235,136,827,321,132,189,239,2609,68,50,537
100567,tgb,-60.812,-13.894,0,plant,221,137,895,307,117,190,225,2559,69,53,523
100571,tgb,-60.783,-14.6,0,plant,232,143,1218,322,120,202,238,2028,67,52,402
100572,tgb,-60.75,-17.75,0,plant,250,127,2014,338,141,197,265,1247,56,80,337
100573,tgb,-60.744,-14.524,0,plant,211,140,1149,299,101,198,217,2107,67,56,420
100575,tgb,-60.716,-13.983,0,plant,212,137,942,299,107,192,216,2488,68,54,507
100582,tgb,-60.4,-7.25,0,plant,261,102,450,332,184,148,257,2802,47,140,762
100126,tgb,-75.583,-4.983,0,plant,267,94,329,323,213,110,265,2115,20,355,505
100589,tgb,-60.166,-12.75,0,plant,209,128,531,294,113,181,210,2213,61,55,455
100625,tgb,-56.833,-17.166,0,plant,267,117,1900,356,168,188,279,1390,61,55,276
100632,tgb,-56.417,-14.833,0,plant,252,112,1147,316,160,156,262,1644,55,66,604
100636,tgb,-56.166,-19.5,0,plant,255,111,2211,331,158,173,275,1570,55,101,572
100640,tgb,-55.933,-4.25,0,plant,272,98,511,335,215,120,268,2381,46,213,256
100642,tgb,-55.833,-8.5,0,plant,242,131,606,344,148,196,236,2795,61,51,343
100653,tgb,-55.5,-1.867,0,plant,266,93,621,331,215,116,261,2192,53,150,150
100663,tgb,-54.717,-28.167,0,plant,213,111,3705,317,98,219,174,2002,9,427,427
100668,tgb,-54.567,-23.667,0,plant,220,117,2857,309,107,202,236,1699,25,247,487
100672,tgb,-54.433,-0.916,0,plant,264,90,755,329,216,113,257,1809,49,130,192
100128,tgb,-75.5,-10.516,0,plant,157,129,570,227,71,156,159,2001,46,154,555
100675,tgb,-54.25,-24.083,0,plant,219,118,3004,311,107,204,235,1675,21,276,459
100678,tgb,-54.083,-1.966,0,plant,268,86,649,326,221,105,261,1834,59,102,102
100683,tgb,-53.8,-29.683,0,plant,197,106,3639,303,94,209,161,1815,5,407,408
100687,tgb,-53.633,-28.633,0,plant,194,112,3514,299,89,210,191,1879,10,403,420
100710,tgb,-52.583,-1.5,0,plant,268,90,617,329,219,110,263,2210,49,163,181
100711,tgb,-52.566,-13.2,0,plant,251,142,1069,339,139,200,256,1876,70,7,604
100715,tgb,-52.417,-22.583,0,plant,229,126,2572,313,116,197,254,1335,38,144,435
100727,tgb,-52.25,-3.217,0,plant,257,93,467,316,202,114,253,2143,61,106,106
100730,tgb,-52.133,1.183,0,plant,252,86,650,317,205,112,248,2694,39,239,320
100731,tgb,-52.083,1,0,plant,262,86,629,326,215,111,259,2680,39,240,319
100011,tgb,-79.95,-4.033,0,plant,198,126,127,266,129,137,199,1466,88,13,616
100130,tgb,-75.483,10.55,0,plant,277,83,434,322,222,100,277,991,85,4,252
100741,tgb,-51.866,1.15,0,plant,257,85,641,320,210,110,253,2670,41,217,295
100743,tgb,-51.8,-0.133,0,plant,270,82,659,330,225,105,266,2531,47,172,180
100754,tgb,-51.567,-29.2,0,plant,183,97,3192,279,93,186,215,1861,9,392,443
100758,tgb,-51.467,-25.367,0,plant,169,111,2846,256,69,187,167,1854,18,345,484
100773,tgb,-51.067,0.067,0,plant,269,79,591,327,228,99,264,2734,55,123,153
100782,tgb,-50.867,-28.517,0,plant,165,100,2951,257,76,181,151,1980,10,407,461
100785,tgb,-50.767,-29.6,0,plant,190,96,3282,283,94,189,168,1969,8,417,463
100791,tgb,-50.683,-24.983,0,plant,180,119,2954,271,71,200,211,1688,19,293,465
100804,tgb,-50.25,-6,0,plant,249,107,322,317,186,131,247,2062,56,86,235
100806,tgb,-50.166,-8.05,0,plant,254,130,264,341,169,172,252,2168,59,46,295
100131,tgb,-75.466,-1,0,plant,256,95,611,312,198,114,248,2800,23,451,491
100816,tgb,-50,-1.7,0,plant,268,104,324,329,212,117,266,2868,51,196,239
100819,tgb,-49.933,-28.3,0,plant,143,100,2817,235,54,181,171,1779,16,320,468
100822,tgb,-49.9,-1,0,plant,269,90,423,326,222,104,266,3225,49,222,323
100826,tgb,-49.77,-19.987,0,plant,238,131,1831,319,125,194,252,1481,68,51,579
100827,tgb,-49.733,-25.767,0,plant,169,115,3067,261,60,201,202,1448,25,254,437
100830,tgb,-49.667,-29.117,0,plant,193,85,2954,274,104,170,226,1546,13,295,400
100834,tgb,-49.616,-3.833,0,plant,272,104,375,333,213,120,270,2781,68,89,128
100839,tgb,-49.517,-27.75,0,plant,156,97,3045,247,64,183,188,1742,23,285,497
100840,tgb,-49.5,-25.417,0,plant,170,108,2873,257,68,189,201,1581,27,260,484
100854,tgb,-49.25,-25.75,0,plant,167,101,2971,252,68,184,198,1580,27,254,487
100132,tgb,-75.466,-0.883,0,plant,257,95,615,312,199,113,248,2804,24,447,487
100856,tgb,-49.233,-13.467,0,plant,258,103,642,333,183,150,258,2069,73,16,195
100861,tgb,-48.967,-16.317,0,plant,223,104,1084,291,139,152,227,1698,67,26,212
100862,tgb,-48.967,-15.783,0,plant,231,92,772,295,161,134,232,1797,68,20,216
100863,tgb,-48.892,-21.213,0,plant,225,124,1943,299,118,181,242,1518,67,64,666
100886,tgb,-48.25,-5.933,0,plant,262,109,280,334,189,145,260,1872,63,66,167
100897,tgb,-47.966,-23.583,0,plant,188,111,2468,269,86,183,213,1341,51,120,486
100898,tgb,-47.95,-19.783,0,plant,217,123,1615,287,113,174,229,1799,67,50,681
100902,tgb,-47.903,-15.981,0,plant,203,117,1091,274,111,163,208,1842,68,28,431
100911,tgb,-47.766,-15.733,0,plant,212,110,1029,281,125,156,216,1790,68,23,418
100913,tgb,-47.616,-16.766,0,plant,199,136,1352,275,86,189,206,1583,64,45,362
100133,tgb,-75.416,-1,0,plant,255,95,618,311,197,114,246,2796,23,446,484
100915,tgb,-47.6,-24.3,0,plant,221,95,2722,302,125,177,252,1928,44,190,686
100916,tgb,-47.583,-22.317,0,plant,207,114,2341,282,102,180,229,1526,64,78,598
100920,tgb,-47.533,-4.283,0,plant,262,110,260,328,197,131,261,1657,79,46,120
100921,tgb,-47.517,-14.117,0,plant,211,90,737,277,144,133,210,1953,71,16,235
100928,tgb,-47.433,-5.666,0,plant,260,121,397,342,174,168,259,1695,66,42,244
100930,tgb,-47.417,-22.567,0,plant,203,117,2402,279,95,184,226,1508,64,84,588
100933,tgb,-47.367,-15.5,0,plant,226,110,1077,299,138,161,230,1719,71,15,182
100936,tgb,-47.25,-13.3,0,plant,235,105,744,310,157,153,235,1695,74,10,171
100937,tgb,-47.133,-22.25,0,plant,201,119,2313,275,91,184,223,1553,64,78,609
100940,tgb,-47.083,-1.517,0,plant,260,101,380,326,203,123,255,2544,55,131,150
100134,tgb,-75.4,-10.566,0,plant,169,126,537,237,86,151,172,2161,44,178,597
100942,tgb,-46.983,-23.017,0,plant,191,115,2342,268,86,182,214,1507,59,104,571
100950,tgb,-46.766,-17.283,0,plant,235,122,1425,310,136,174,242,1511,63,53,539
100956,tgb,-46.533,-18.583,0,plant,231,110,1389,303,145,158,239,1699,73,25,626
100958,tgb,-46.5,-23.083,0,plant,185,112,2277,260,82,178,209,1560,59,101,595
100964,tgb,-46.333,-23.4,0,plant,180,98,2297,252,88,164,205,1733,53,130,640
100979,tgb,-45.95,-23.283,0,plant,192,101,2339,264,95,169,217,1573,56,110,597
100982,tgb,-45.9,-4.666,0,plant,265,107,524,333,199,134,262,1507,73,41,112
101000,tgb,-45.016,-12.25,0,plant,244,140,932,337,141,196,245,1328,74,2,315
101002,tgb,-44.983,-21.717,0,plant,179,133,2200,260,61,199,199,1714,67,59,633
101004,tgb,-44.967,-12.15,0,plant,248,143,943,341,142,199,249,1265,74,2,301
100135,tgb,-75.4,-0.933,0,plant,257,95,616,313,199,114,249,2793,24,441,479
101008,tgb,-44.75,-17.5,0,plant,239,134,1881,321,120,201,251,1248,78,10,452
101009,tgb,-44.7,-23.25,0,plant,233,101,2254,312,141,171,257,2248,42,219,771
101016,tgb,-44.467,-18.367,0,plant,225,129,1934,303,113,190,239,1366,79,12,493
101025,tgb,-44.2,-17.75,0,plant,206,119,1806,283,103,180,218,1370,79,12,480
101030,tgb,-43.85,-19.983,0,plant,210,113,1906,283,112,171,224,1676,76,32,599
101031,tgb,-43.85,-5.833,0,plant,267,106,972,345,195,150,260,1345,70,32,80
101035,tgb,-43.767,-20.917,0,plant,198,113,2011,276,102,174,213,1718,70,50,619
101042,tgb,-43.55,-21.917,0,plant,211,109,2179,290,113,177,232,1726,67,58,653
101044,tgb,-43.5,-22.65,0,plant,232,100,2151,312,145,167,255,1891,46,156,661
101050,tgb,-43.383,-20.383,0,plant,201,111,2074,279,100,179,217,1598,71,41,562
100138,tgb,-75.35,10.25,0,plant,276,95,414,333,213,120,275,1238,68,31,224
101051,tgb,-43.367,-18.633,0,plant,210,118,2031,295,108,187,225,1767,74,31,593
101060,tgb,-43.233,-22.933,0,plant,231,78,2090,299,160,139,256,1425,33,159,454
101062,tgb,-43.217,-22.967,0,plant,235,77,2079,302,163,139,260,1364,32,157,428
101078,tgb,-42.817,-22.917,0,plant,233,77,2056,300,161,139,255,1202,32,137,369
101079,tgb,-42.75,-22.367,0,plant,153,100,2209,231,61,170,176,1792,57,109,640
101080,tgb,-42.717,-22.733,0,plant,233,86,2144,304,153,151,255,1360,43,122,447
101084,tgb,-42.633,-21.5,0,plant,230,123,2273,319,123,196,252,1503,67,54,534
101088,tgb,-42.533,-21.767,0,plant,229,123,2299,318,124,194,251,1550,65,61,554
101094,tgb,-42.367,-22.033,0,plant,208,112,2222,293,112,181,230,1656,62,75,598
101096,tgb,-42.35,-16.783,0,plant,226,134,1750,312,122,190,237,1019,80,13,344
100139,tgb,-75.333,-11.333,0,plant,204,127,708,277,115,162,205,1303,46,102,332
101104,tgb,-42.05,-20.883,0,plant,219,126,2147,308,113,195,235,1424,64,60,478
101106,tgb,-42,-19.5,0,plant,212,123,1874,290,107,183,225,1404,68,53,467
101111,tgb,-41.75,-19.666,0,plant,231,126,1925,313,123,190,245,1396,67,56,461
101112,tgb,-41.7,-20.6,0,plant,200,126,1978,287,96,191,214,1429,60,73,457
101113,tgb,-41.7,-12.4,0,plant,214,119,1171,292,129,163,222,887,61,43,307
101114,tgb,-41.666,-22.25,0,plant,231,86,2017,300,150,150,244,1256,40,118,354
101117,tgb,-41.52,-17.45,0,plant,224,120,1677,305,130,175,236,1116,66,51,335
101120,tgb,-41.367,-12.817,0,plant,204,116,1182,279,123,156,212,1093,53,72,348
101121,tgb,-41.35,-21.767,0,plant,233,94,2090,308,147,161,247,1190,45,90,345
101128,tgb,-41.15,-20.48,0,plant,215,110,1878,298,126,172,229,1308,52,100,368
100140,tgb,-75.333,-11.166,0,plant,228,123,680,298,143,155,229,1586,42,140,393
101137,tgb,-40.667,-20.367,0,plant,211,88,1765,283,139,144,223,1258,45,137,313
101140,tgb,-40.617,-15.233,0,plant,233,98,1591,302,152,150,244,899,48,93,255
101152,tgb,-40.4,-13.4,0,plant,192,79,1360,249,132,117,204,767,47,66,253
101166,tgb,-39.917,-12.5,0,plant,238,88,1482,301,172,129,248,678,43,69,218
101167,tgb,-39.766,-12.7,0,plant,233,78,1464,291,173,118,244,660,42,71,209
101175,tgb,-39.5,-7.233,0,plant,222,103,1070,294,152,142,220,1177,78,28,142
101194,tgb,-39,-15.7,0,plant,243,73,1189,293,183,110,232,1702,12,343,369
101197,tgb,-38.933,-4.333,0,plant,222,84,534,279,167,112,221,1223,81,34,143
101208,tgb,-37.783,-8.9,0,plant,235,96,1925,308,162,146,249,608,50,40,218
101213,tgb,-36.25,-7.433,0,plant,232,90,1299,297,170,127,236,412,74,12,137
100141,tgb,-75.316,-10.966,0,plant,238,122,631,307,155,152,240,1861,42,165,469
100009,tgb,-80,-2.25,0,plant,253,95,989,314,190,124,263,904,103,1,517
100015,tgb,-79.366,-0.583,0,plant,250,88,670,307,195,112,258,3166,75,122,1498
100029,tgb,-78.333,-3.366,0,plant,160,108,558,232,100,132,158,2905,16,546,605
100078,tgb,-76.466,-2.8,0,plant,252,96,457,308,197,111,248,2841,12,583,635
100082,tgb,-76.333,-6.666,0,plant,260,141,487,336,173,163,259,1301,22,214,286
100083,tgb,-76.333,-3.333,0,plant,256,94,456,312,200,112,252,2285,10,471,500
100089,tgb,-76.233,4.333,0,plant,193,99,234,248,140,108,190,1441,32,245,273
100090,tgb,-76.216,-6,0,plant,264,107,332,324,202,122,263,2319,24,321,591
100107,tgb,-76.133,-5.916,0,plant,266,104,318,327,207,120,266,2344,24,327,566
100109,tgb,-76.116,-5.833,0,plant,267,101,312,326,210,116,266,2342,23,331,568