siteid,spid,x,y,occ,group,bc01,bc04,bc05,bc06,bc12,bc15,bc17,bc20,bc31,bc33,slope,topo,tri
10009,tgb,349275.8,8123752,0,plant,21.6,0.91,29.9,12.2,1478,98,70,19.3,54,0.17,10.90166,70,437.2322
10099,tgb,346214.9,8059180,0,plant,17.9,1.02,26.9,8.900001,2670,70,228,18.1,9,0.83,19.36511,0,871.6656
10100,tgb,367469.2,8055646,0,plant,21.4,0.95,29.7,12.1,3101,72,264,18,13,0.75,12.35445,48,291.8664
10101,tgb,376366.2,8046474,0,plant,22.2,0.94,30.2,13,3276,76,275,17.9,12,0.77,33.70975,18,496.1209
10102,tgb,342809,8042553,0,plant,18.8,1.03,27.9,9.2,1836,78,132,18.8,24,0.54,30.0091,55,438.3184
10103,tgb,422636.2,7971103,0,plant,21.1,0.98,28.9,12.5,2625,88,178,18.3,22,0.58,42.97336,0,1837.288
10104,tgb,368154.6,7954206,0,plant,20.9,1.07,30,10.7,1274,93,82,19.5,45,0.25,6.35737,20,139.5027
10105,tgb,332682.7,8202937,0,plant,23.7,0.8,30.3,16.4,3183,83,211,18.1,28,0.46,32.22807,28,960.1
10106,tgb,307912.7,8182447,0,plant,17.6,0.97,26.2,9.5,2641,79,204,18.2,18,0.66,18.24762,47,436.4287
10107,tgb,319917.9,8239719,0,plant,23.4,0.82,30,16,2236,94,110,18.7,48,0.22,1.045234,0,236.9177
10108,tgb,325387.7,8225012,0,plant,21.2,0.88,28.3,13.8,2601,84,183,18.4,30,0.43,27.57152,39,845.0189
10010,tgb,349302.3,8120067,0,plant,21.6,0.92,29.9,12.1,1450,99,68,19.3,55,0.16,35.25767,24,814.3568
10109,tgb,334355.8,8217700,0,plant,23,0.82,29.6,15.9,3061,83,204,18.2,29,0.45,38.61618,60,1404.66
10110,tgb,332584.3,8215849,0,plant,23.7,0.8,30.2,16.6,3364,83,221,18,28,0.47,35.70183,61,909.8428
10111,tgb,330837.1,8212140,0,plant,24.5,0.78,30.9,17.2,3483,84,221,18,29,0.44,0,50,74.02027
10112,tgb,330893.9,8204771,0,plant,24.3,0.78,30.8,17,3311,84,212,18.1,30,0.43,6.066594,8,427.0269
10113,tgb,313326.8,8175113,0,plant,18.5,0.96,27,10,2261,82,161,18.5,26,0.5,16.48794,0,703.7457
10114,tgb,316912.8,8171458,0,plant,17.9,0.96,26.4,9.7,2602,79,198,18.3,19,0.64,0.5216929,100,995.6541
10115,tgb,325815.4,8171532,0,plant,22.6,0.88,30,13.9,1590,99,74,19.2,57,0.16,20.34278,49,713.1816
10116,tgb,327587.5,8171546,0,plant,22.6,0.87,30,13.9,1635,98,77,19.2,55,0.17,31.55061,39,958.0908
10117,tgb,327602.3,8169699,0,plant,22.1,0.89,29.7,13.3,1575,98,76,19.2,55,0.17,0,50,42.81355
10118,tgb,331181.8,8167879,0,plant,22.2,0.88,29.8,13.6,1629,97,80,19.2,54,0.18,12.26258,100,376.2964
10011,tgb,347656.7,8103456,0,plant,19.7,0.95,28.4,10.6,1583,90,90,19.1,40,0.28,20.81027,0,1037.734
10119,tgb,313406.9,8165894,0,plant,19.8,0.95,28.2,10.7,1639,91,93,19.1,44,0.25,49.81203,100,1305.169
10120,tgb,315188.4,8165910,0,plant,19.4,0.95,27.8,10.5,1829,88,113,18.9,37,0.33,10.02607,13,649.0793
10121,tgb,322296.1,8165970,0,plant,22.1,0.9,29.9,13,1361,102,58,19.4,62,0.13,0,0,44.98889
10122,tgb,331196.3,8166042,0,plant,22.4,0.88,29.9,13.7,1585,99,75,19.2,56,0.16,15.96831,14,321.8944
10123,tgb,340223.3,8147664,0,plant,22.1,0.9,30,12.9,1469,99,69,19.3,57,0.15,16.321,0,818.2078
10124,tgb,354485.4,8140387,0,plant,22.7,0.86,30.2,14.1,1950,93,107,18.9,46,0.23,5.481106,0,185.5074
10125,tgb,375907.7,8122090,0,plant,23.6,0.82,30.6,15.9,2429,89,142,18.5,39,0.31,4.566404,0,435.8991
10126,tgb,374151.3,8120232,0,plant,24.3,0.81,31.1,16.4,2291,92,120,18.6,44,0.26,0,50,0
10127,tgb,377697.4,8120253,0,plant,23.6,0.82,30.5,15.9,2498,88,149,18.4,37,0.33,25.38608,8,977.132
10128,tgb,358220,8114597,0,plant,19.8,0.92,28.1,11.3,2056,85,134,18.7,31,0.42,52.00192,67,1092.964
10012,tgb,349436.3,8101621,0,plant,20.4,0.94,29,11.2,1387,97,66,19.3,51,0.19,0,50,0
10129,tgb,354716.5,8107192,0,plant,20,0.93,28.5,11.2,1722,90,100,19,39,0.3,25.64723,10,856.473
10130,tgb,361887.1,8096175,0,plant,21.1,0.92,29.3,12.1,2143,82,144,18.6,32,0.4,18.23763,0,1340.166
10131,tgb,365477.7,8088829,0,plant,20.7,0.93,28.9,11.9,2546,75,191,18.3,23,0.56,7.503675,0,475.4955
10132,tgb,363725.2,8086970,0,plant,20.2,0.94,28.5,11.4,2502,74,194,18.3,21,0.59,13.7687,100,418.8162
10133,tgb,374364.8,8085190,0,plant,22.7,0.89,30.3,13.9,3333,77,255,17.9,19,0.64,46.55304,39,865.0671
10134,tgb,383238.7,8081558,0,plant,23.6,0.87,30.9,15.1,4133,75,327,17.6,11,0.79,1.78578,98,350.2656
10135,tgb,369085.8,8079624,0,plant,20.4,0.94,28.7,11.7,3160,69,262,17.9,13,0.75,3.744069,83,351.3403
10136,tgb,339017.3,8073876,0,plant,18.9,0.9899999,27.8,9.5,1778,76,136,18.8,26,0.5,21.99096,64,639.3035
10137,tgb,370884.9,8074103,0,plant,21.5,0.93,29.5,12.5,3291,70,259,17.9,15,0.71,14.78102,6,982.0168
10138,tgb,369133.3,8072255,0,plant,22.3,0.92,30.3,13.2,3185,75,253,18,18,0.66,64.76366,27,1157.177
10013,tgb,352989.4,8101646,0,plant,20.1,0.94,28.6,11.1,1569,92,86,19.1,43,0.26,0,50,136.8466
10139,tgb,362061.6,8070360,0,plant,20.7,0.95,29.2,11.5,2918,69,243,18.1,15,0.71,7.10808,87,376.9629
10140,tgb,363848.6,8068524,0,plant,20.5,0.95,28.9,11.4,3130,68,269,17.9,12,0.77,14.94297,5,673.2258
10141,tgb,376264.1,8063071,0,plant,23.1,0.91,30.8,14,3405,78,274,17.8,16,0.69,14.74085,27,395.9204
10142,tgb,385118.6,8063124,0,plant,23.2,0.9,30.7,14.4,3538,77,280,17.8,15,0.71,19.3618,41,339.7116
10143,tgb,367481.3,8053798,0,plant,21.7,0.95,29.9,12.3,3075,73,261,18,14,0.74,0,0,368.0122
10144,tgb,376526.8,8020659,0,plant,23.7,0.94,31.6,13.9,3422,75,288,17.8,15,0.71,0,50,2.645751
10145,tgb,403019.8,8018959,0,plant,23.5,0.92,30.9,14.6,3092,81,221,18.1,20,0.61,12.03913,53,121.7292
10146,tgb,403028.9,8017122,0,plant,23.6,0.92,31,14.6,3042,82,215,18.1,21,0.59,0,50,2.44949
10147,tgb,351866.6,8013108,0,plant,19.5,1.04,28.6,9.7,2028,73,170,18.6,20,0.61,30.76746,26,637.1876
10148,tgb,314411.5,8258121,0,plant,23.3,0.82,29.9,16,1956,97,85,19,54,0.17,0,0,182.5267
10014,tgb,358308.4,8101684,0,plant,19.9,0.93,28.3,11.2,1905,85,123,18.8,33,0.39,4.297236,45,108.037
10149,tgb,311161.4,8219362,0,plant,22.8,0.87,29.7,14.8,2224,91,120,18.7,44,0.25,5.759164,100,373.7473
10150,tgb,316881.3,8175143,0,plant,17.7,0.96,26.2,9.6,2715,78,211,18.2,17,0.68,49.58936,64,1141.687
10151,tgb,354459.9,8144082,0,plant,22.3,0.87,29.9,13.8,2011,91,114,18.8,43,0.26,14.01028,23,331.4891
10152,tgb,340279.1,8140284,0,plant,22.2,0.91,30.2,12.7,1291,104,54,19.5,64,0.12,20.17109,89,415.5154
10153,tgb,352963.1,8105342,0,plant,20.4,0.93,28.8,11.3,1536,95,80,19.2,46,0.23,16.22233,18,261.3063
10154,tgb,356634.1,8086922,0,plant,19.8,0.95,28.4,10.8,2018,78,147,18.6,28,0.48,0.1026225,100,130.3112
10155,tgb,358410.1,8086934,0,plant,20.2,0.94,28.7,11.1,2095,78,152,18.6,28,0.48,13.6126,57,335.5369
10156,tgb,365489.8,8086982,0,plant,20.8,0.93,29.1,11.9,2614,74,198,18.3,23,0.57,11.56052,0,605.8531
10157,tgb,372579.1,8087027,0,plant,23.4,0.88,30.9,14.6,3322,80,246,17.9,21,0.59,0.7461906,0,154.8967
10158,tgb,361961.6,8085110,0,plant,20.1,0.94,28.5,11.2,2453,73,192,18.3,21,0.6,11.38039,83,423.6107
10015,tgb,363627.3,8101720,0,plant,24,0.86,31.4,15,2208,94,115,18.7,44,0.26,0.4011056,0,355.5081
10159,tgb,351387.6,8077666,0,plant,19.9,0.97,28.7,10.5,1941,76,146,18.7,27,0.48,6.468284,9,134.9778
10160,tgb,358474,8077716,0,plant,19.9,0.96,28.5,10.8,2528,69,209,18.2,18,0.66,0.2916825,100,131.2364
10161,tgb,342564.1,8073903,0,plant,19.4,0.9899999,28.3,9.8,1862,75,144,18.7,26,0.5,6.761511,0,408.2144
10162,tgb,340805.1,8072053,0,plant,18.7,1,27.6,9.400001,1937,75,153,18.6,23,0.57,7.857018,72,220.4473
10163,tgb,402992.7,8024491,0,plant,23.5,0.91,30.9,14.7,3186,79,231,18,19,0.63,3.318582,81,126.6846
10164,tgb,330808.7,8215836,0,plant,22.9,0.83,29.6,15.6,2950,84,194,18.2,30,0.43,48.09396,71,1428.949
10165,tgb,329122.2,8202909,0,plant,24.5,0.78,30.9,17.1,3160,85,196,18.1,32,0.39,4.489895,0,105.9481
10166,tgb,374240.7,8105483,0,plant,23.6,0.85,30.8,15.3,2602,88,158,18.4,34,0.37,29.38712,81,911.293
10167,tgb,351227,8099797,0,plant,20.1,0.94,28.6,11,1504,92,81,19.2,45,0.24,22.57451,40,480.5934
10168,tgb,381358.2,8099992,0,plant,23.9,0.83,31,15.8,3158,84,211,18,26,0.5,4.727983,18,155.3802
10016,tgb,365393.2,8101731,0,plant,23.4,0.87,30.9,14.5,2376,90,140,18.5,38,0.33,7.118962,100,347.6435
10169,tgb,378026.8,8064930,0,plant,22.8,0.91,30.5,13.9,3483,77,281,17.8,14,0.72,48.38805,57,723.2047
10170,tgb,367530.1,8046417,0,plant,20.9,0.97,29.3,11.6,3050,70,267,18,11,0.79,18.31446,62,318.2138
10171,tgb,344584.3,8040719,0,plant,19.3,1.02,28.4,9.6,1915,76,146,18.7,23,0.56,21.14503,29,617.537
10172,tgb,314441.8,8254437,0,plant,21.1,0.87,28.3,13.8,2513,86,176,18.5,33,0.4,32.68427,48,999.0776
10173,tgb,363602.8,8105415,0,plant,23.8,0.86,31.2,14.9,2131,95,108,18.7,46,0.25,19.37783,32,634.2697
10174,tgb,347765.9,8088705,0,plant,20,0.96,28.8,10.6,1485,88,87,19.2,41,0.28,4.559252,90,183.6328
10175,tgb,340689.8,8086804,0,plant,19.8,0.98,28.8,10.1,1443,86,86,19.2,41,0.28,0.864593,100,120.7435
10176,tgb,340718.6,8083119,0,plant,19.9,0.98,28.9,10.1,1468,84,90,19.2,40,0.3,4.438931,52,182.8661
10177,tgb,349943,8033389,0,plant,20.9,1,29.8,10.9,2022,75,163,18.6,24,0.53,42.61719,0,1589.099
10178,tgb,314457,8252589,0,plant,22.1,0.86,29,14.7,2227,91,127,18.7,42,0.27,5.29611,0,314.595
10017,tgb,355542.8,7992850,0,plant,20.9,1.04,29.9,10.7,1349,87,97,19.4,40,0.31,2.36502,50,102.5963
10179,tgb,316235.7,8252603,0,plant,21.4,0.87,28.4,14.1,2478,87,167,18.5,34,0.38,29.67861,25,1106.53
10180,tgb,316616.8,8206493,0,plant,23.6,0.84,30.4,15.6,2635,87,153,18.4,38,0.32,3.152843,99,507.3441
10181,tgb,295250.2,8204466,0,plant,19,0.95,27.3,10.6,2042,86,138,18.7,33,0.39,21.86476,100,401.1783
10182,tgb,293510.1,8200753,0,plant,18.6,0.96,27,10.1,2125,84,148,18.6,30,0.44,3.779567,0,429.1072
10183,tgb,322068,8193635,0,plant,23.2,0.84,30.1,15.2,2350,89,133,18.6,41,0.29,10.79895,78,319.0313
10184,tgb,307955.4,8178751,0,plant,18.1,0.97,26.6,9.7,2371,81,174,18.4,24,0.55,11.62521,100,752.5337
10185,tgb,313342.8,8173264,0,plant,18.4,0.96,26.9,10,2278,82,163,18.5,26,0.51,14.86125,1,688.0327
10186,tgb,313358.8,8171427,0,plant,19.6,0.95,27.9,10.7,1788,89,109,18.9,39,0.3,32.78122,37,689.7072
10187,tgb,316928.5,8169610,0,plant,18.9,0.95,27.3,10.3,2082,84,140,18.7,30,0.43,17.81212,20,547.1316
10188,tgb,325830.4,8169684,0,plant,22.1,0.89,29.7,13.3,1528,98,72,19.3,56,0.16,0,50,37.16181
10018,tgb,438812.4,7871576,0,plant,20.1,1.12,29.1,10.3,1575,102,80,19.1,42,0.27,30.35409,100,1885.318
10189,tgb,316960,8165925,0,plant,18.8,0.96,27.2,10.1,2116,84,144,18.6,29,0.45,39.81178,68,1056.909
10190,tgb,316975.8,8164077,0,plant,19,0.96,27.5,10.2,1994,85,130,18.7,32,0.41,22.72706,63,492.2824
10191,tgb,352677.6,8145907,0,plant,22,0.88,29.7,13.5,2016,89,115,18.8,42,0.27,0,0,76.03289
10192,tgb,363469.7,8125697,0,plant,23.4,0.84,30.7,15,2069,94,110,18.8,46,0.24,10.30457,4,878.8481
10193,tgb,351160.6,8109014,0,plant,17.7,0.97,26.3,9.5,3239,72,270,17.9,6,0.89,30.77154,73,780.8079
10194,tgb,360124.4,8094327,0,plant,20.2,0.93,28.6,11.4,2009,82,136,18.7,31,0.42,14.49879,99,410.5642
10195,tgb,365538.4,8079601,0,plant,20,0.95,28.4,11.2,3000,68,253,18,13,0.75,8.21243,86,187.8616
10196,tgb,363786.7,8077753,0,plant,19.6,0.96,28.1,10.8,2934,69,251,18,12,0.77,8.819976,93,214.6509
10197,tgb,337298,8068329,0,plant,18.2,1.01,27.2,8.900001,2063,74,164,18.5,19,0.63,2.4945,98,377.0875
10198,tgb,353648.3,8011284,0,plant,19.6,1.04,28.7,9.900001,2023,73,171,18.6,20,0.61,16.12749,73,183.9783
10001,tgb,310880,8252559,0,plant,22.8,0.85,29.6,15.3,1970,95,90,18.9,52,0.18,1.502511,0,106.663
10019,tgb,323704.7,8212084,0,plant,21.6,0.88,28.7,13.8,2397,86,158,18.5,34,0.37,40.76083,100,1533.11
10199,tgb,282790.9,8202509,0,plant,18.2,0.97,26.8,9.7,2143,84,148,18.6,29,0.46,9.292216,0,201.4919
10200,tgb,316205.6,8256288,0,plant,23,0.83,29.7,15.7,2069,95,98,18.9,50,0.2,33.66124,28,348.9427
10201,tgb,312699.2,8248889,0,plant,22.7,0.85,29.5,15.1,2059,94,101,18.9,49,0.21,11.44207,60,484.0516
10202,tgb,332570.3,8217686,0,plant,21.2,0.87,28.3,13.9,2711,83,194,18.3,28,0.46,59.20057,64,2152.269
10203,tgb,313278.8,8180646,0,plant,18.1,0.96,26.5,9.900001,2512,80,189,18.3,21,0.6,0.9277698,26,173.5425
10204,tgb,315140.7,8171443,0,plant,18.2,0.96,26.7,9.8,2382,81,174,18.4,24,0.56,39.786,87,1152.627
10205,tgb,356416.1,8118269,0,plant,20.2,0.92,28.4,11.5,1904,88,116,18.8,36,0.34,19.61983,0,1081.911
10206,tgb,379538.8,8109199,0,plant,21.9,0.87,29.4,14,2916,79,206,18.1,25,0.53,45.43531,27,1161.824
10207,tgb,384982,8085253,0,plant,23,0.87,30.3,14.7,3941,76,310,17.7,12,0.78,23.47796,29,1008.11
10208,tgb,358499.8,8074021,0,plant,20.2,0.96,28.8,11,2713,68,228,18.1,16,0.69,9.014729,43,182.7485
10020,tgb,295215.7,8208152,0,plant,19.3,0.95,27.4,10.8,2010,86,135,18.7,34,0.37,15.73105,100,319.2241
10209,tgb,340950.5,8053605,0,plant,18.9,1.01,28,9.3,1690,79,122,18.9,27,0.49,7.690748,80,211.4143
10210,tgb,363960.7,8051926,0,plant,20.8,0.97,29.2,11.4,2982,70,259,18,12,0.77,6.441138,0,344.0596
10211,tgb,353607.1,8016817,0,plant,19.8,1.03,28.8,10,2137,72,184,18.5,18,0.64,0.866591,0,153.2612
10212,tgb,355419.9,8009449,0,plant,19.6,1.04,28.7,9.900001,2039,74,173,18.6,20,0.61,0,50,98.36666
10213,tgb,322158.8,8182569,0,plant,23.9,0.82,30.7,15.7,2162,94,107,18.7,48,0.22,23.22045,0,1516.979
10214,tgb,310512.9,8296821,0,plant,24.6,0.72,31.1,17.7,1740,102,61,19.2,62,0.12,8.240084,48,361.4914
10215,tgb,314366.1,8263654,0,plant,20.5,0.87,27.7,13.3,2851,82,231,18.2,26,0.53,3.609237,100,1123.966
10216,tgb,312622.6,8258107,0,plant,22.8,0.84,29.6,15.5,2000,95,94,18.9,51,0.19,14.27914,24,1028.566
10217,tgb,312853.8,8230443,0,plant,22.9,0.86,29.8,15.2,2201,92,113,18.7,46,0.23,13.15046,57,165.1151
10218,tgb,286362.1,8202533,0,plant,17.7,0.97,26.3,9.400001,2407,81,178,18.4,23,0.56,14.43257,13,493.4187
10021,tgb,315156.6,8169595,0,plant,19.8,0.95,28.1,10.9,1721,90,101,19,42,0.27,22.25697,0,946.1543
10219,tgb,349169.6,8138513,0,plant,22.3,0.89,30.2,13.3,1637,97,83,19.1,53,0.18,5.082345,50,158.4992
10220,tgb,347588.9,8112673,0,plant,19.8,0.94,28.4,10.8,1640,91,92,19,41,0.28,17.97668,16,531.3361
10221,tgb,349355.8,8112686,0,plant,19.2,0.95,27.7,10.4,2040,83,138,18.6,28,0.46,30.14697,64,803.6666
10222,tgb,351200.4,8103482,0,plant,20.4,0.93,28.9,11.3,1452,96,72,19.3,49,0.2,0,50,0
10223,tgb,358333.7,8097999,0,plant,20.2,0.93,28.6,11.3,1837,86,116,18.9,35,0.36,5.892605,15,161.4156
10224,tgb,354820.4,8092442,0,plant,19.9,0.95,28.5,10.9,1759,84,114,18.9,35,0.36,0,0,37.17526
10225,tgb,367228.3,8092526,0,plant,23.4,0.88,31,14.4,2782,84,187,18.2,29,0.45,12.17879,0,721.6544
10226,tgb,356608.3,8090606,0,plant,19.9,0.95,28.4,10.9,1921,81,133,18.7,30,0.43,12.26587,77,269.4142
10227,tgb,353081.7,8088744,0,plant,19.9,0.95,28.5,10.7,1729,83,114,18.9,34,0.37,6.983658,29,315.3997
10228,tgb,367288.1,8083309,0,plant,20.7,0.93,28.9,11.8,2868,72,227,18.1,18,0.66,13.97569,19,444.7617
10022,tgb,316944.3,8167762,0,plant,19.1,0.95,27.5,10.4,2013,85,133,18.7,32,0.41,76.17894,72,1443.124
10229,tgb,340761.8,8077586,0,plant,19.8,0.98,28.8,10,1642,79,116,19,33,0.39,4.49998,100,164.2072
10230,tgb,353161.3,8077679,0,plant,20.1,0.96,28.8,10.7,2080,74,160,18.6,25,0.52,12.91505,24,250.4676
10231,tgb,369097.7,8077788,0,plant,20.3,0.94,28.6,11.6,3263,68,275,17.9,11,0.79,26.12942,45,526.8406
10232,tgb,337268.4,8072025,0,plant,18.3,1.01,27.3,9,1990,75,155,18.6,21,0.6,21.05891,56,432.8972
10233,tgb,342578.3,8072066,0,plant,19,0.9899999,27.9,9.6,1933,74,153,18.6,24,0.55,20.37377,30,306.6676
10234,tgb,383291.6,8072341,0,plant,23.6,0.88,31,14.8,3814,76,301,17.7,14,0.73,0,50,0
10235,tgb,340863.1,8064672,0,plant,18.2,1.01,27.2,9,2244,72,187,18.4,16,0.7,7.78459,56,149.4925
10236,tgb,348042.8,8051812,0,plant,18.3,1.02,27.3,9.2,2412,72,197,18.3,13,0.74,15.46868,56,364.8411
10237,tgb,346384.8,8037048,0,plant,19.8,1.02,28.8,9.900001,2061,73,168,18.6,20,0.61,12.38594,85,249.982
10238,tgb,402974.5,8028187,0,plant,23.3,0.91,30.7,14.6,3257,78,238,18,18,0.65,13.5176,15,595.4175
10023,tgb,367003.6,8127568,0,plant,24.4,0.81,31.3,16.3,2138,95,106,18.7,49,0.22,0.6072375,99,23.64318
10239,tgb,401279.8,8015266,0,plant,23.6,0.92,31.1,14.6,3037,82,215,18.1,21,0.59,0,50,51.30302
10240,tgb,371694.7,7950545,0,plant,21.3,1.06,30.3,11.1,1265,95,76,19.5,48,0.22,20.19228,81,1136.327
10241,tgb,312379.9,8287618,0,plant,24.7,0.73,31.1,17.7,1730,103,62,19.2,62,0.12,5.125914,100,164.5934
10242,tgb,312637.9,8256259,0,plant,22.3,0.85,29.2,14.9,2116,93,112,18.8,46,0.23,25.26287,12,910.6075
10243,tgb,319829,8250784,0,plant,22.2,0.85,29,15,2366,89,139,18.6,40,0.3,63.35091,34,1964.176
10244,tgb,321622.1,8248962,0,plant,24.1,0.79,30.6,16.9,2008,99,83,18.9,56,0.16,2.998927,0,461.1442
10245,tgb,334314.3,8223232,0,plant,22,0.84,28.9,14.9,2840,83,195,18.2,29,0.45,47.05169,70,1385.438
10246,tgb,334328.1,8221396,0,plant,24,0.78,30.4,17,3338,84,212,18.1,30,0.44,15.83158,12,900.8951
10247,tgb,325740.8,8180750,0,plant,24.5,0.8,31.1,16.5,2266,95,111,18.7,48,0.22,0,50,0
10248,tgb,359838.8,8136738,0,plant,23.6,0.83,30.7,15.3,1978,95,102,18.9,49,0.21,33.57257,42,1041.929
10024,tgb,349369.2,8110849,0,plant,18.4,0.96,27,9.900001,2534,77,192,18.3,17,0.67,35.41086,45,1153.344
10249,tgb,359900.3,8127521,0,plant,24.2,0.83,31.3,15.7,1960,98,91,18.9,53,0.19,10.21744,0,667.5447
10250,tgb,361800.7,8109088,0,plant,22.9,0.88,30.6,13.9,2112,91,122,18.7,41,0.28,27.7828,0,1484.43
10251,tgb,367216.3,8094374,0,plant,23.3,0.88,30.9,14.4,2717,85,180,18.3,30,0.43,34.04913,60,797.1198
10252,tgb,368991.3,8094385,0,plant,23.3,0.88,30.9,14.5,2820,84,191,18.2,29,0.46,9.636184,100,401.5233
10253,tgb,370768.2,8092548,0,plant,23.2,0.88,30.8,14.4,2994,82,211,18.1,26,0.51,10.53393,14,483.7489
10254,tgb,370791.4,8088864,0,plant,23.3,0.88,30.9,14.4,3127,81,226,18,23,0.55,27.06425,36,684.5933
10255,tgb,393874.8,8079769,0,plant,23.6,0.86,30.7,15.5,3994,75,308,17.6,13,0.76,0,50,12.08305
10256,tgb,387058.1,8031787,0,plant,22.4,0.94,30.2,13.4,3370,76,276,17.9,12,0.77,45.80622,34,1251.197
10257,tgb,401233.7,8024483,0,plant,23.4,0.92,30.9,14.6,3241,78,238,18,18,0.65,5.556548,0,291.5133
10258,tgb,309023.4,8261762,0,plant,23.5,0.82,30.2,16.1,1791,100,69,19.1,59,0.14,0,50,84.14274
10025,tgb,358245.2,8110912,0,plant,22.2,0.9,30.2,13,1883,91,107,18.9,43,0.25,52.80714,20,1304.928
10259,tgb,309054.5,8258077,0,plant,23.2,0.83,29.9,15.7,1840,99,75,19.1,57,0.15,14.62517,82,291.4087
10260,tgb,317996,8256303,0,plant,22.9,0.83,29.6,15.7,2126,94,105,18.8,48,0.21,38.86462,46,481.9813
10261,tgb,332500.4,8226914,0,plant,24.2,0.78,30.5,17.1,3021,87,178,18.3,35,0.36,11.01064,54,557.8799
10262,tgb,334342,8219548,0,plant,24.4,0.77,30.7,17.3,3467,83,219,18,29,0.44,3.820066,81,181.4387
10263,tgb,327469.5,8186297,0,plant,24.5,0.79,31,16.8,2476,92,130,18.5,43,0.26,0,50,0
10264,tgb,313247,8184331,0,plant,17.8,0.96,26.3,9.8,2674,79,207,18.2,18,0.66,25.02978,60,559.5176
10265,tgb,327543.1,8177079,0,plant,24.5,0.8,31.1,16.5,2135,97,99,18.7,50,0.2,0,50,1.732051
10266,tgb,318727.5,8167777,0,plant,21.6,0.92,29.5,12.4,1343,100,59,19.4,61,0.13,23.53757,29,563.7712
10267,tgb,318743,8165940,0,plant,20.1,0.94,28.3,11.1,1661,91,94,19.1,44,0.25,19.58652,100,1235.396
10268,tgb,322342.1,8160437,0,plant,22.2,0.91,30.1,12.9,1260,105,49,19.6,67,0.11,0,50,21.56386
10026,tgb,383302.2,8070494,0,plant,23.5,0.88,31,14.8,3744,76,295,17.7,15,0.72,0,0,147.6144
10269,tgb,357995.4,8147791,0,plant,24.5,0.79,31.2,16.7,1914,98,87,18.9,55,0.18,2.766832,3,97.4269
10270,tgb,352819.6,8125625,0,plant,21.7,0.9,29.8,12.6,1639,95,84,19.1,49,0.2,0,50,322.7197
10271,tgb,349409.4,8105317,0,plant,18.9,0.96,27.5,10.2,2130,80,151,18.6,25,0.52,43.35836,77,1033.194
10272,tgb,358346.4,8096151,0,plant,20,0.94,28.4,11.1,1916,84,127,18.8,32,0.4,11.7371,81,210.6917
10273,tgb,360111.9,8096163,0,plant,19.7,0.94,28.1,11,2133,80,151,18.6,27,0.49,4.251887,9,188.9735
10274,tgb,356582.4,8094302,0,plant,19.9,0.94,28.4,11,1838,84,121,18.8,33,0.38,0,100,85.66212
10275,tgb,349503.8,8092403,0,plant,20.3,0.95,29,11,1431,92,77,19.2,46,0.23,0,50,5.567764
10276,tgb,337135.8,8088624,0,plant,19.8,0.98,28.8,9.900001,1338,89,73,19.3,46,0.23,21.24388,0,390.4164
10277,tgb,354846.5,8088757,0,plant,19.9,0.95,28.5,10.8,1824,82,124,18.8,32,0.4,1.498715,0,169.8411
10278,tgb,330058.8,8086718,0,plant,18.4,1,27.5,9,1654,84,107,18.9,31,0.42,2.36584,100,374.4249
10027,tgb,295319.3,8197085,0,plant,19.6,0.95,27.9,10.9,1749,90,106,19,41,0.28,18.53816,17,501.8297
10279,tgb,333599.8,8086747,0,plant,17.7,1.01,26.7,8.7,2221,78,165,18.5,18,0.66,21.18161,98,630.4078
10280,tgb,354859.6,8086909,0,plant,19.9,0.95,28.5,10.8,1866,80,130,18.8,31,0.42,0.1175526,0,156.9522
10281,tgb,331850.2,8084885,0,plant,18,1.01,27,8.8,1921,81,133,18.7,24,0.55,35.18028,63,647.9313
10282,tgb,351347.3,8083199,0,plant,19.9,0.96,28.6,10.6,1727,81,118,18.9,33,0.39,4.786234,16,100.7671
10283,tgb,354912.1,8079528,0,plant,20.1,0.96,28.7,10.8,2136,74,165,18.5,25,0.53,12.26989,51,116.1465
10284,tgb,333720.2,8071996,0,plant,18.8,1,27.8,9.2,1601,79,115,19,30,0.44,1.744247,100,168.4251
10285,tgb,346172.7,8064713,0,plant,19.1,0.9899999,28,9.7,2091,73,169,18.5,21,0.6,25.78934,54,708.2859
10286,tgb,344441.2,8059166,0,plant,17.8,1.02,26.9,8.8,2633,71,223,18.2,9,0.82,16.46555,11,588.9805
10287,tgb,385373.3,8018864,0,plant,23.1,0.95,30.9,13.7,3424,75,279,17.8,13,0.74,20.50448,43,1238.822
10288,tgb,381890.5,8009626,0,plant,23.7,0.95,31.6,14,3015,81,225,18.1,21,0.6,0.1466662,25,5.91608
10028,tgb,340195.5,8151349,0,plant,22.1,0.89,29.9,13.1,1545,98,75,19.2,55,0.17,11.8622,40,104.9619
10289,tgb,424558.9,7928698,0,plant,24,0.98,31.6,14.2,1899,101,92,18.9,47,0.24,0.2103076,100,18.54724
10290,tgb,330794.5,8217673,0,plant,18.6,0.91,26.3,11.4,3161,77,262,18,14,0.74,13.71502,100,1122.156
10291,tgb,330865.4,8208455,0,plant,24.5,0.78,30.9,17.2,3396,84,215,18,30,0.43,0.3583287,0,358.8914
10292,tgb,329093.4,8206594,0,plant,24.4,0.78,30.9,17.1,3309,84,209,18.1,31,0.42,4.99626,0,225.546
10293,tgb,330879.7,8206608,0,plant,24.5,0.78,30.9,17.2,3330,84,210,18.1,30,0.42,0,50,0
10294,tgb,316632.1,8204656,0,plant,23.6,0.84,30.4,15.6,2607,87,151,18.4,38,0.32,19.56406,61,330.4648
10295,tgb,325548.5,8204729,0,plant,24.5,0.79,30.9,16.9,3133,85,192,18.2,33,0.39,0,50,28.53069
10296,tgb,332668.6,8204785,0,plant,24.5,0.78,30.9,17.2,3314,84,211,18.1,30,0.43,4.434872,9,270.3646
10297,tgb,334453.1,8204798,0,plant,24.4,0.77,30.8,17.3,3327,84,214,18.1,30,0.44,7.350564,96,377.2678
10298,tgb,325563.2,8202881,0,plant,24.5,0.79,31,16.9,3080,86,188,18.2,34,0.38,0,50,109.9773
10002,tgb,295267.4,8202618,0,plant,19.1,0.95,27.4,10.6,1986,86,132,18.7,34,0.37,25.89635,13,747.3312
10029,tgb,351015.6,8129297,0,plant,22.1,0.9,30.1,12.9,1593,97,79,19.2,53,0.18,10.23392,1,203.5117
10299,tgb,322174,8180721,0,plant,22.4,0.88,29.8,13.9,1730,95,86,19,52,0.19,36.56789,42,750.8196
10300,tgb,325755.8,8178902,0,plant,24.5,0.8,31.1,16.4,2209,96,106,18.7,49,0.21,0,50,78.90501
10301,tgb,322204.4,8177036,0,plant,23,0.86,30.2,14.4,1718,97,80,19.1,55,0.17,31.27223,100,1085.315
10302,tgb,329383.9,8169713,0,plant,22,0.89,29.6,13.3,1628,96,82,19.2,53,0.18,17.11905,71,367.35
10303,tgb,320509,8167792,0,plant,22,0.91,29.8,12.8,1356,101,58,19.4,62,0.13,11.72861,7,356.5123
10304,tgb,338345.3,8160564,0,plant,20.4,0.91,28.4,11.9,1959,88,120,18.8,38,0.32,34.78294,100,1570.65
10305,tgb,385003.7,8083416,0,plant,22.8,0.88,30.2,14.5,3897,75,308,17.7,12,0.78,46.0391,13,1331.908
10306,tgb,377927,8081527,0,plant,22.7,0.89,30.3,14,3567,76,280,17.8,15,0.71,25.71441,0,1188.691
10307,tgb,314381.3,8261806,0,plant,21,0.87,28.1,13.8,2599,85,188,18.4,31,0.43,43.20584,21,1171.283
10308,tgb,318010.8,8254466,0,plant,22.6,0.84,29.3,15.3,2210,92,117,18.7,45,0.24,23.32142,11,841.9857
10030,tgb,352806.6,8127473,0,plant,21.8,0.9,29.9,12.7,1654,95,85,19.1,49,0.2,11.3601,54,233.4802
10309,tgb,330922.5,8201075,0,plant,24.5,0.78,31,17.2,3105,86,191,18.2,33,0.39,0,50,382.8969
10310,tgb,354562,8129322,0,plant,21.9,0.89,29.8,12.9,1755,93,94,19,47,0.22,5.410099,52,148.3408
10311,tgb,363445.7,8129382,0,plant,24.1,0.82,31.1,15.9,2053,96,101,18.8,50,0.21,14.58017,19,686.2521
10312,tgb,345825.8,8110823,0,plant,18.6,0.96,27.3,9.900001,2239,80,161,18.5,23,0.56,39.45114,29,773.706
10313,tgb,349382.6,8109001,0,plant,18.4,0.96,27,9.900001,2505,77,190,18.3,18,0.66,8.197924,26,577.7396
10314,tgb,351173.8,8107167,0,plant,20.1,0.93,28.6,11.1,1579,92,86,19.1,43,0.25,6.276504,0,483.3125
10315,tgb,354755.4,8101659,0,plant,19.9,0.94,28.4,11,1744,88,106,18.9,37,0.33,20.51027,66,328.1174
10316,tgb,354794.4,8096126,0,plant,20.3,0.94,28.8,11.2,1634,90,95,19.1,41,0.28,5.695743,0,192.4682
10317,tgb,335344.8,8090446,0,plant,19.8,0.98,28.9,9.900001,1269,92,64,19.4,50,0.19,6.287166,5,470.9204
10318,tgb,370779.9,8090700,0,plant,23.5,0.87,31,14.7,3063,83,214,18.1,25,0.51,9.227873,11,347.6723
10031,tgb,351055,8123764,0,plant,20.4,0.92,28.7,11.5,1729,91,96,19,42,0.27,10.27947,9,771.4739
10319,tgb,361949.2,8086958,0,plant,20.1,0.94,28.5,11.3,2371,75,181,18.4,23,0.56,12.4173,96,326.7048
10320,tgb,337179.9,8083091,0,plant,19.6,0.98,28.7,9.8,1454,84,91,19.2,39,0.31,9.52455,100,430.8329
10321,tgb,349598.8,8079490,0,plant,19.9,0.97,28.7,10.5,1757,79,124,18.9,32,0.41,0,50,41.0731
10322,tgb,370849.8,8079636,0,plant,19.4,0.95,27.7,10.9,3341,68,289,17.8,7,0.86,29.51554,66,1016.189
10323,tgb,365550.5,8077764,0,plant,20.1,0.95,28.5,11.3,3100,68,264,18,12,0.77,9.589228,46,329.5648
10324,tgb,367324.1,8077776,0,plant,20.6,0.94,28.9,11.8,3079,70,252,18,15,0.72,14.9764,0,572.1311
10325,tgb,365575,8074069,0,plant,20.2,0.95,28.6,11.3,3280,67,285,17.9,10,0.81,9.71434,100,372.1787
10326,tgb,367348.2,8074080,0,plant,22.1,0.93,30.1,12.9,3097,74,242,18,19,0.65,40.15538,22,1002.515
10327,tgb,379766.3,8070473,0,plant,23.5,0.89,31,14.6,3672,77,291,17.8,15,0.71,3.937983,0,118.8823
10328,tgb,362124.5,8061143,0,plant,21.6,0.95,30,12.1,2856,73,234,18.1,18,0.66,19.75785,19,917.2186
10032,tgb,352845.5,8121940,0,plant,21.5,0.91,29.7,12.3,1612,95,83,19.1,49,0.2,12.68545,0,807.8385
10329,tgb,349749.3,8059206,0,plant,19.2,0.9899999,28.1,9.900001,2301,72,190,18.4,17,0.66,7.430187,57,219.9727
10330,tgb,349790.6,8053673,0,plant,18.9,1.01,27.8,9.6,2262,73,183,18.4,17,0.67,2.654225,100,290.9673
10331,tgb,369252.8,8053810,0,plant,22.4,0.94,30.4,13,3138,76,260,17.9,15,0.71,51.66848,15,1297.998
10332,tgb,371026.4,8051973,0,plant,22,0.95,30.1,12.7,3204,75,271,17.9,12,0.77,0.2755932,0,185.3564
10333,tgb,377165.3,7921067,0,plant,20.6,1.11,29.9,10.3,1176,95,67,19.6,49,0.21,8.709183,50,178.418
10334,tgb,433523.7,7880775,0,plant,20.7,1.1,29.5,10.9,1480,104,71,19.2,47,0.23,12.88639,18,516.2877
10335,tgb,437037.3,7877102,0,plant,20.6,1.1,29.4,10.8,1483,104,71,19.2,46,0.23,1.90435,100,241.574
10336,tgb,314378,8261810,0,plant,21.2,0.86,28.3,14,2524,86,176,18.5,33,0.4,47.94295,0,1265.324
10337,tgb,295219,8208152,0,plant,19.3,0.95,27.5,10.8,2001,86,134,18.7,35,0.37,12.96893,76,269.0353
10338,tgb,315201.1,8164062,0,plant,18.9,0.96,27.4,10.1,2002,85,131,18.7,31,0.41,32.72188,71,1019.664
10033,tgb,351187.1,8105330,0,plant,20.2,0.93,28.7,11.2,1506,94,77,19.2,46,0.22,34.98819,25,402.7779
10339,tgb,352986.2,8101650,0,plant,20.1,0.94,28.6,11.1,1570,92,86,19.1,43,0.26,0.2826469,100,147.8208
10340,tgb,353052,8092429,0,plant,20,0.95,28.6,10.9,1620,87,98,19,39,0.31,8.593921,50,196.2065
10341,tgb,384969.3,8088945,0,plant,23.8,0.85,30.9,15.5,4088,77,315,17.6,13,0.76,0,50,18.76166
10342,tgb,333618.1,8084902,0,plant,18.9,0.9899999,27.9,9.400001,1537,83,100,19.1,35,0.36,35.65795,75,1061.459
10343,tgb,379708.4,8079693,0,plant,22.1,0.9,29.8,13.5,3586,73,283,17.8,14,0.75,29.26595,25,1389.461
10344,tgb,360279.2,8072193,0,plant,20.9,0.95,29.4,11.6,2728,71,221,18.2,19,0.64,0.9936227,0,596.3397
10345,tgb,356763.9,8068479,0,plant,19.9,0.97,28.6,10.6,2712,68,234,18.1,14,0.73,5.463435,9,190.7013
10346,tgb,395730.4,8063185,0,plant,23.4,0.88,30.7,14.9,3462,76,260,17.8,17,0.66,0.9629944,21,30.67572
10347,tgb,351509.3,8061064,0,plant,19.8,0.9899999,28.6,10.3,2430,71,205,18.3,17,0.67,8.172873,12,378.8285
10348,tgb,355180.4,8042647,0,plant,21.1,0.9899999,29.8,11.2,2384,73,198,18.4,20,0.61,29.84316,0,1090.297
10034,tgb,354742.4,8103507,0,plant,20,0.93,28.5,11.1,1700,90,100,19,39,0.3,5.347481,66,271.1715
10349,tgb,286326.1,8206222,0,plant,17.9,0.97,26.5,9.6,2337,82,171,18.5,25,0.53,7.12217,0,469.9202
10350,tgb,316979.1,8164077,0,plant,19.2,0.96,27.6,10.4,1918,87,122,18.8,34,0.37,21.66138,25,663.1711
10351,tgb,349372.4,8110846,0,plant,18.5,0.96,27,10,2495,77,188,18.3,18,0.65,32.26905,28,1241.103
10352,tgb,347612.7,8108989,0,plant,18,0.97,26.6,9.5,2815,74,224,18.1,12,0.78,12.43989,100,710.7208
10353,tgb,335418.9,8081228,0,plant,18,1.01,27,8.900001,2059,78,151,18.6,21,0.61,11.91741,50,528.7324
10354,tgb,335433.8,8079384,0,plant,18.1,1.01,27.1,8.900001,1996,78,147,18.6,22,0.59,0,50,186.984
10355,tgb,340834.1,8068360,0,plant,18.4,1.01,27.3,9.1,2103,73,171,18.5,19,0.64,17.04375,21,680.5307
10356,tgb,358690.5,8046360,0,plant,20.9,0.98,29.5,11.2,2629,71,224,18.2,16,0.69,10.49798,4,426.6251
10357,tgb,352829.3,8123780,0,plant,20.2,0.92,28.5,11.5,1857,89,110,18.9,37,0.32,32.63913,50,835.4137
10358,tgb,390433.8,8061313,0,plant,23.4,0.89,30.8,14.7,3487,77,268,17.8,17,0.68,6.071194,0,141.8309
10035,tgb,331789.6,8092266,0,plant,19.3,0.98,28.3,9.6,1351,90,73,19.3,44,0.24,46.49145,43,1276.471
10359,tgb,314182.8,8285785,0,plant,24.4,0.74,30.8,17.5,1779,102,67,19.2,60,0.13,21.19524,99,832.9022
10360,tgb,318025.8,8252618,0,plant,21.1,0.87,28.2,13.9,2614,85,188,18.4,31,0.43,59.8035,50,1660.53
10361,tgb,321728.2,8236049,0,plant,24.3,0.79,30.8,17,2083,99,87,18.9,55,0.17,0,50,386.0518
10362,tgb,316435.9,8228628,0,plant,23,0.85,29.8,15.3,2359,91,128,18.6,43,0.26,22.41446,54,344.5765
10363,tgb,318296.5,8219421,0,plant,22.2,0.87,29.2,14.4,2387,87,146,18.5,38,0.32,15.74733,100,899.775
10364,tgb,315089.8,8176973,0,plant,18.8,0.95,27.2,10.4,2178,83,151,18.6,29,0.46,1.805346,0,973.2117
10365,tgb,354475.9,8142235,0,plant,22.5,0.87,30,13.9,1982,92,111,18.8,45,0.25,7.408222,100,200.7486
10366,tgb,358054.2,8138571,0,plant,22.1,0.87,29.7,13.6,2068,89,120,18.7,41,0.29,22.48839,65,839.9393
10367,tgb,345689.4,8129262,0,plant,22.3,0.91,30.4,12.7,1358,103,58,19.4,62,0.13,2.379158,15,92.69843
10368,tgb,375867.2,8129462,0,plant,23.1,0.82,30.1,15.4,2479,86,152,18.5,36,0.35,44.6944,57,1189.737
10036,tgb,340646.8,8092337,0,plant,19.9,0.97,28.9,10.2,1316,92,67,19.4,49,0.2,3.410578,67,89.59911
10369,tgb,381245.3,8120273,0,plant,24.2,0.8,30.8,16.6,2528,88,147,18.4,38,0.32,21.45226,8,1017.971
10370,tgb,361850,8101711,0,plant,22.8,0.89,30.6,13.6,2242,88,139,18.6,37,0.33,35.55718,100,1155.16
10371,tgb,376043.3,8099958,0,plant,23.7,0.85,30.9,15.3,2900,86,187,18.2,29,0.45,14.80334,0,801.3401
10372,tgb,349493.5,8094248,0,plant,20.3,0.94,29,11,1412,93,73,19.3,47,0.21,0,50,0
10373,tgb,363709.6,8088814,0,plant,22.1,0.91,30.1,12.9,2597,78,186,18.3,28,0.48,74.46352,32,1717.024
10374,tgb,362036.5,8074048,0,plant,20.1,0.96,28.6,11.1,3043,67,263,18,12,0.77,12.45204,100,230.4778
10375,tgb,393961.5,8063175,0,plant,23.3,0.89,30.7,14.8,3496,76,265,17.8,17,0.68,0,100,1
10376,tgb,374567.3,8051999,0,plant,22.1,0.94,30.1,13,3286,76,276,17.9,12,0.77,0,100,238.3779
10377,tgb,386977.7,8046540,0,plant,23.2,0.91,30.8,14.3,3424,77,270,17.8,15,0.7,2.030345,27,79.26538
10378,tgb,341082.5,8037006,0,plant,20,1.02,29.1,9.900001,1753,76,134,18.9,26,0.49,10.32625,100,458.1168
10037,tgb,335359.5,8088609,0,plant,19.2,0.98,28.2,9.6,1478,85,91,19.1,38,0.32,32.44532,16,1092.164
10379,tgb,402977.8,8028184,0,plant,23.4,0.91,30.8,14.7,3248,78,237,18,18,0.65,12.99362,19,589.2071
10038,tgb,338915.3,8086790,0,plant,19.8,0.98,28.9,10,1387,88,79,19.3,43,0.25,1.688659,100,76.74634
10003,tgb,298855.3,8200803,0,plant,19.9,0.95,28,11.2,1774,90,108,18.9,42,0.28,6.974757,0,280.6956
10039,tgb,340704.3,8084956,0,plant,19.6,0.98,28.6,10,1547,83,101,19.1,36,0.34,24.80187,99,437.0217
10040,tgb,342478.6,8084969,0,plant,20.1,0.97,29.1,10.3,1425,87,82,19.2,43,0.26,1.362507,0,191.1361
10041,tgb,415885.6,7904682,0,plant,19.4,1.11,28.4,10,2325,98,137,18.5,22,0.56,13.82699,20,441.8314
10042,tgb,322083,8191798,0,plant,23.2,0.84,30.1,15.1,2276,90,127,18.6,42,0.28,10.28192,26,110.1317
10043,tgb,321813.7,8224983,0,plant,20.4,0.9,27.8,12.9,2597,83,193,18.3,28,0.47,27.58998,92,1275.063
10044,tgb,332556.3,8219534,0,plant,23,0.82,29.6,15.8,3008,84,198,18.2,30,0.44,19.84266,100,1003.802
10045,tgb,330908.2,8202923,0,plant,23.8,0.8,30.4,16.4,3163,84,207,18.1,29,0.45,55.79559,54,1403.807
10046,tgb,318556.7,8188072,0,plant,20.9,0.91,28.6,12.3,1821,90,108,18.9,43,0.26,38.74667,100,1405.235
10047,tgb,354421.8,8149615,0,plant,21.3,0.88,29,13,2142,87,131,18.7,36,0.34,10.30672,100,1077.876
10048,tgb,375896.8,8123927,0,plant,22.5,0.84,29.8,14.7,2573,84,166,18.4,32,0.4,31.98273,53,995.8373
10004,tgb,295302,8198933,0,plant,19,0.96,27.4,10.4,1985,86,132,18.7,34,0.38,12.05877,63,254.5309
10049,tgb,377675.8,8123937,0,plant,21.7,0.86,29.1,14,2711,81,185,18.3,28,0.47,36.60026,64,920.1304
10050,tgb,375918.7,8120242,0,plant,23.8,0.81,30.7,16,2404,90,136,18.5,40,0.3,14.69075,0,345.3317
10051,tgb,379474.6,8120263,0,plant,24.3,0.8,31,16.6,2462,89,139,18.5,40,0.3,0,0,374.6145
10052,tgb,349315.7,8118219,0,plant,20.9,0.92,29.3,11.7,1493,96,72,19.2,51,0.19,16.68102,35,257.1925
10053,tgb,374173.5,8116547,0,plant,24.2,0.81,31.1,16.2,2248,93,114,18.7,45,0.25,0,50,0
10054,tgb,351147.3,8110862,0,plant,18.7,0.95,27.2,10.2,2405,78,178,18.4,20,0.61,27.09371,56,778.0617
10055,tgb,352936.9,8109027,0,plant,18.1,0.96,26.7,9.8,2898,74,232,18,11,0.79,18.81109,100,1473.64
10056,tgb,345853.3,8107128,0,plant,19.6,0.95,28.2,10.5,1629,89,94,19,39,0.3,26.12911,23,968.7476
10057,tgb,352950,8107179,0,plant,19.5,0.94,28,10.8,1893,85,122,18.8,32,0.4,6.812839,85,605.7318
10058,tgb,352976.3,8103494,0,plant,20.4,0.93,28.9,11.3,1518,95,78,19.2,47,0.22,0,0,69.32532
10005,tgb,298889.3,8197118,0,plant,20.4,0.94,28.4,11.5,1603,92,89,19.1,48,0.21,39.38868,51,783.5496
10059,tgb,376029,8101798,0,plant,23.7,0.84,30.9,15.4,2796,87,176,18.2,31,0.42,26.03122,51,596.6875
10060,tgb,384910.6,8100013,0,plant,23.7,0.83,30.7,15.8,3431,81,243,17.9,21,0.58,42.75774,34,967.4006
10061,tgb,377871.9,8090744,0,plant,16.5,0.98,24.9,9.1,6101,64,588,17.1,0,1,63.71517,48,1709.187
10062,tgb,369074,8081472,0,plant,20.2,0.94,28.5,11.6,3109,69,257,18,13,0.75,28.196,87,1085.052
10063,tgb,379700.8,8081538,0,plant,23.4,0.87,30.8,14.8,3917,76,308,17.7,13,0.75,9.401736,0,701.2888
10064,tgb,381464.9,8081548,0,plant,23.6,0.87,31,15,4046,75,319,17.6,12,0.77,3.970435,55,102.0245
10065,tgb,386778.2,8081578,0,plant,23.7,0.86,30.9,15.3,4165,75,328,17.6,11,0.79,0,50,0
10066,tgb,337253.7,8073862,0,plant,18.6,1,27.5,9.2,1835,76,140,18.7,25,0.53,15.52108,83,476.2426
10067,tgb,362036.6,8074045,0,plant,20.2,0.95,28.7,11.1,3037,67,261,18,12,0.76,12.46369,33,176.2129
10068,tgb,339031.9,8072039,0,plant,18.5,1,27.4,9.2,1958,75,154,18.6,22,0.58,3.256395,100,614.6414
10006,tgb,334749.1,8166070,0,plant,22.7,0.86,30.1,14.2,1683,98,81,19.1,54,0.17,12.44174,72,797.8891
10069,tgb,363823.8,8072220,0,plant,20.2,0.95,28.7,11.2,3223,67,281,17.9,10,0.81,0.4616462,100,118.5538
10070,tgb,358564.1,8064803,0,plant,20.2,0.97,28.8,10.9,2855,68,247,18.1,13,0.74,2.377784,0,210.4852
10071,tgb,316145.7,8263669,0,plant,22.2,0.84,29,15,2254,91,128,18.7,42,0.27,14.01348,0,635.1094
10072,tgb,316250.8,8250755,0,plant,18.8,0.9,26.4,11.7,3103,79,260,18,17,0.69,67.26215,55,1196.512
10073,tgb,314533.1,8243371,0,plant,20.7,0.89,28,13.2,2563,84,189,18.4,30,0.44,12.24482,100,936.5666
10074,tgb,321917.9,8212070,0,plant,23.3,0.84,30,15.6,2811,85,174,18.3,34,0.37,8.99077,16,334.0943
10075,tgb,286344,8204381,0,plant,17.6,0.97,26.2,9.3,2473,81,186,18.4,22,0.59,12.18884,100,345.8511
10076,tgb,288146.8,8202550,0,plant,18.1,0.97,26.7,9.7,2250,83,161,18.5,27,0.5,33.89046,43,690.0587
10077,tgb,289921.7,8202568,0,plant,18.3,0.97,26.8,9.900001,2219,83,158,18.6,28,0.48,11.99856,100,320.5542
10078,tgb,320355.3,8186239,0,plant,22.2,0.88,29.6,13.7,1798,93,95,19,49,0.21,32.87066,82,1488.778
10007,tgb,349103.8,8147730,0,plant,22,0.88,29.7,13.3,1864,92,103,18.9,45,0.24,0,50,31.96873
10079,tgb,315108.9,8175128,0,plant,17.6,0.97,26.1,9.5,2765,78,217,18.2,16,0.71,27.63624,60,662.2922
10080,tgb,354600.4,8123789,0,plant,20.8,0.91,29,12,1779,91,100,19,42,0.27,0.6567086,100,481.3855
10081,tgb,358182.3,8120129,0,plant,21.9,0.9,29.9,13,1837,92,103,18.9,44,0.25,14.49755,31,288.484
10082,tgb,333510.1,8097813,0,plant,20.3,0.96,29.3,10.3,1126,100,44,19.6,60,0.12,5.535991,62,186.7244
10083,tgb,331774.4,8094114,0,plant,18.1,1,27.1,9,1934,81,133,18.7,25,0.52,24.22831,61,885.4518
10084,tgb,358360.5,8092466,0,plant,20,0.94,28.5,11.1,1952,82,133,18.7,31,0.42,0,50,149.8399
10085,tgb,376084.5,8092581,0,plant,19.4,0.93,27.6,11.4,3331,71,277,17.9,9,0.83,50.31892,45,1580.107
10086,tgb,381411.4,8090765,0,plant,22,0.88,29.6,13.7,3434,74,262,17.9,16,0.69,28.47276,0,1476.774
10087,tgb,331819.8,8088581,0,plant,17.6,1.01,26.6,8.6,2333,77,176,18.4,16,0.69,11.94532,100,838.544
10088,tgb,333584.8,8088595,0,plant,18.6,0.9899999,27.6,9.3,1666,83,110,18.9,31,0.42,18.89612,14,731.793
10008,tgb,356352.7,8127497,0,plant,19.7,0.92,27.9,11.3,2248,83,151,18.5,28,0.47,47.3365,78,1297.747
10089,tgb,379657.3,8088918,0,plant,18.7,0.94,26.8,10.8,3946,68,346,17.6,2,0.96,38.75181,65,1258.998
10090,tgb,333614.8,8084899,0,plant,19,0.9899999,28,9.5,1497,84,96,19.1,36,0.34,31.75041,59,1024.339
10091,tgb,331865.3,8083048,0,plant,18,1.01,27.1,8.8,1857,81,127,18.8,25,0.52,8.706569,77,618.9144
10092,tgb,376140.3,8083364,0,plant,20.5,0.92,28.6,12.1,3371,70,275,17.9,12,0.78,6.617939,0,1065.525
10093,tgb,393855.5,8083464,0,plant,23.7,0.85,30.7,15.6,4051,75,312,17.6,13,0.76,0.7278703,99,29.08608
10094,tgb,372648.2,8075962,0,plant,18.2,0.97,26.7,10.1,3924,67,354,17.6,2,0.97,35.05003,75,1148.821
10095,tgb,360263.3,8074033,0,plant,20.2,0.96,28.7,11.1,2870,68,244,18.1,14,0.73,13.90616,85,442.9876
10096,tgb,337283.2,8070176,0,plant,18.4,1.01,27.4,9,1935,75,152,18.6,22,0.58,5.48868,0,345.6993
10097,tgb,339046.6,8070191,0,plant,18.2,1.01,27.2,9,2132,74,171,18.5,18,0.65,13.0978,45,629.9484
10098,tgb,339061.3,8068343,0,plant,18,1.01,27.1,8.900001,2233,73,181,18.4,16,0.69,2.843801,0,340.4189